visits,answers
1836,13
249,4
154,4
351,9
85,2
768,5
168,3
231,5
716,18
315,4
639,6
2108,10
92,1
483,8
90,4
925,7
186,4
777,12
273,5
218,9
381,7
550,7
1511,10
311,7
451,5
258,5
349,2
4188,121
1513,12
247,3
621,13
196,1
832,7
216,4
189,4
698,2
2423,19
309,9
146,4
87,2
220,3
295,2
238,6
315,6
84,1
240,3
534,8
74,1
466,3
526,9
390,9
75,2
125,1
337,6
211,4
136,5
44,3
114,4
83,3
179,6
250,6
82,4
108,3
148,3
757,9
163,4
103,1
752,5
117,1
350,6
340,9
294,4
53,1
402,7
202,4
134,7
419,7
76,2
80,2
4294,11
243,4
112,2
230,3
43,1
1567,13
95,3
529,1
946,3
145,3
71,3
120,2
1167,10
231,4
245,5
206,3
159,5
67,1
153,3
1082,17
480,14
545,4
326,9
670,10
276,8
154,4
383,5
123,7
208,4
420,9
5679,12
156,4
225,4
262,2
126,5
152,5
476,9
244,1
290,3
733,13
488,17
510,13
245,4
282,7
149,4
789,10
773,11
208,9
817,1
487,3
157,6
50,1
148,4
1377,5
393,11
149,3
505,8
271,8
68,3
207,4
291,7
251,3
144,5
131,5
245,3
312,6
93,2
88,2
168,4
910,9
188,1
159,2
1143,4
490,6
66,1
160,4
269,2
230,1
1031,18
2319,18
95,1
53,2
136,3
162,3
107,2
821,11
61,2
141,5
168,6
124,2
260,4
84,3
78,1
160,4
217,3
181,3
99,2
999,10
384,10
852,1
115,2
333,10
406,5
137,3
155,5
125,4
187,6
34,2
210,4
275,17
52,2
121,2
104,3
94,1
134,3
127,3
1328,9
114,1
158,7
168,5
145,4
679,10
186,12
67,4
329,5
386,4
128,3
123,4
560,6
702,11
949,7
220,2
361,7
1246,10
69,1
623,8
180,7
46,1
111,1
97,2
191,5
430,5
379,7
1016,2
175,2
597,4
168,4
89,2
126,3
320,5
110,2
104,3
187,3
124,2
34,1
541,4
42,1
66,1
301,5
307,6
244,2
135,4
314,4
81,1
493,4
44,2
278,4
2542,22
45,2
413,4
51,3
153,1
177,1
213,6
166,3
116,2
194,2
257,4
588,7
58,1
79,3
156,6
313,2
161,4
107,2
95,2
590,8
60,2
104,3
1179,11
127,4
1083,10
152,1
147,5
60,3
151,5
259,5
237,5
772,11
167,3
472,6
1075,8
438,8
1107,31
106,2
117,2
72,2
277,6
87,2
753,13
146,4
74,3
228,3
262,3
180,4
191,1
144,2
243,1
263,5
569,6
198,4
70,4
121,3
98,3
145,7
426,8
2938,11
81,1
285,5
62,3
108,3
240,4
192,3
73,1
56,1
278,5
146,3
514,10
125,3
227,3
101,3
152,2
105,1
61,1
955,5
71,3
174,3
344,5
51,3
82,1
177,2
160,3
92,4
82,3
74,1
94,1
355,8
264,5
213,3
726,11
211,3
2013,16
260,6
1431,5
19695,21
70,2
524,7
100,6
268,7
497,18
48,1
93,3
1069,14
120,3
392,1
659,4
239,3
344,7
367,3
199,5
68,1
108,1
69,1
157,8
56,3
1668,7
133,4
150,1
1379,14
150,3
73,2
94,3
277,7
116,3
39,1
184,6
58,3
60,0
197,8
129,5
242,4
67,1
42,2
25,1
125,4
155,3
65,1
458,7
198,4
316,3
122,2
1055,6
163,5
107,2
67,1
213,2
133,2
96,2
211,3
50,2
43,2
821,4
37,2
507,3
63,2
290,9
54,5
411,6
235,4
91,1
145,7
232,3
178,5
89,3
264,5
44,1
332,5
82,1
186,2
445,5
99,3
512,4
245,2
226,3
195,5
307,8
15180,33
279,9
150,2
63,1
196,4
73,1
475,3
42,1
76,4
79,2
95,2
130,4
122,2
84,1
63,2
66,1
118,2
86,4
223,6
82,3
159,4
52,2
69,3
103,3
375,3
128,6
111,4
106,5
987,22
104,1
266,10
60,1
245,4
128,6
88,2
778,2
257,3
1803,10
80,2
111,1
478,10
135,1
103,2
52,3
44,1
786,4
106,4
546,6
150,2
211,7
306,4
262,4
178,4
235,3
493,5
213,4
119,3
107,1
91,1
87,3
85,3
395,5
102,4
139,2
336,5
114,2
162,4
468,3
109,3
282,4
57,3
51,3
48,1
98,2
1242,3
110,2
174,5
543,9
104,1
57,2
86,1
905,10
64,1
163,2
64,4
141,3
119,5
267,5
117,4
79,4
165,5
340,2
105,2
102,5
60,1
1559,10
184,4
359,9
231,5
141,3
341,7
49,2
395,4
102,1
74,1
87,5
360,4
78,2
164,7
60,2
84,4
124,8
138,2
787,9
73,3
102,2
93,2
42,1
375,5
1908,23
46,3
127,1
74,2
307,11
56,2
150,2
349,11
218,4
119,4
39,1
101,5
82,1
88,5
281,6
256,2
111,1
60,3
55,1
137,4
105,1
200,3
180,4
97,4
92,1
117,2
62,1
28,2
6508,63
105,1
684,8
59,2
2847,21
374,5
389,10
269,7
198,1
58,2
357,12
178,3
70,1
115,3
256,7
132,2
144,4
199,9
205,4
398,6
110,4
173,1
118,2
189,4
192,7
160,4
334,8
1133,8
148,2
131,4
253,4
133,2
344,3
466,8
221,3
63,4
1188,14
568,6
106,1
142,3
170,2
90,1
93,3
100,3
893,11
147,3
249,5
147,4
76,1
49,1
350,9
186,4
120,3
88,2
97,3
95,2
67,1
1499,6
66,1
481,4
85,1
317,7
39,1
101,5
59,1
212,6
157,5
241,7
450,7
101,4
86,4
68,4
61,1
249,8
411,4
277,7
204,4
773,12
264,3
136,3
136,4
460,1
153,1
619,8
55,1
268,4
249,4
182,7
93,2
170,8
1380,38
232,4
125,3
148,5
130,5
142,1
269,24
96,4
134,4
119,2
287,5
29,1
130,1
331,1
105,1
410,3
226,2
89,3
101,1
95,1
323,9
188,1
37,2
99,3
86,1
48,3
90,1
126,5
97,2
135,3
83,2
124,1
207,3
630,2
74,2
128,2
126,3
79,2
39,1
108,7
97,3
102,5
61,2
157,6
184,7
62,4
170,4
85,1
56,1
304,8
302,2
175,6
315,2
555,1
238,2
138,3
385,3
52,1
122,3
106,1
215,7
67,1
215,4
107,5
215,7
120,2
200,4
925,9
119,5
89,3
100,2
157,3
98,3
97,1
92,3
252,4
104,4
75,1
81,3
544,3
63,2
86,2
268,5
489,6
73,2
97,1
71,2
453,3
94,4
136,1
512,8
34,1
85,3
41,1
46,2
287,2
340,7
116,1
65,2
85,1
172,3
190,4
134,3
174,3
1015,20
59,3
77,3
350,8
549,13
54,2
117,4
44,1
171,3
95,5
73,2
81,1
101,1
96,3
110,7
57,2
106,2
66,4
146,2
341,3
64,2
1044,12
37,2
41,1
87,1
83,1
66,2
356,5
187,6
320,3
54,2
117,1
87,5
120,2
121,2
94,1
86,5
96,6
46,2
757,26
101,3
55,1
83,2
753,4
184,5
59,1
128,2
102,1
90,1
23,2
66,1
891,9
184,4
120,2
202,4
113,3
75,1
63,1
130,1
63,4
306,5
74,5
1277,10
77,1
273,2
1108,2
143,5
124,3
65,2
153,5
130,3
175,6
739,15
107,2
118,4
245,7
124,3
129,2
217,7
42,1
83,1
40,2
131,2
146,2
167,4
80,2
314,10
631,5
100,3
816,9
101,3
99,2
237,4
165,3
62,3
137,7
85,2
590,15
47,3
270,5
58,2
401,3
129,1
357,4
449,7
38,1
584,8
147,2
73,2
150,3
413,6
87,4
113,4
57,2
238,7
285,10
129,4
139,6
239,17
158,3
161,7
206,4
45,1
1008,5
164,3
57,2
151,5
38,1
127,4
256,4
93,1
169,3
48,1
62,1
195,7
358,13
81,3
56,3
95,2
177,4
131,2
128,4
691,4
53,1
1167,14
69,3
184,5
159,5
58,2
94,3
133,3
191,4
107,5
90,3
80,2
390,77
131,2
141,6
131,2
85,3
310,7
1988,17
294,10
118,4
849,1
307,5
913,7
715,3
4406,7
94,2
102,3
164,3
189,3
186,2
289,6
57,3
1753,13
104,2
616,2
192,3
141,4
137,6
740,13
175,2
40,1
229,7
162,1
98,1
259,5
73,2
107,1
153,5
70,2
139,2
185,4
55,1
105,2
272,10
157,6
105,2
103,2
128,10
198,5
250,5
155,3
38,2
155,3
83,1
79,1
203,4
723,10
252,6
102,5
59,1
78,1
84,1
65,1
39,1
132,2
40,1
216,2
826,2
114,1
44,3
141,5
4250,10
42,2
70,1
92,5
100,4
48,3
152,3
141,1
118,2
35,1
153,5
44,2
130,3
91,2
215,5
44,4
95,3
53,1
55,2
58,3
138,3
84,3
197,3
111,5
137,4
81,2
42,2
40,2
67,2
192,7
77,3
58,1
312,10
31,1
165,5
46,1
390,16
81,3
42,3
97,4
41,1
158,2
94,2
148,4
267,1
109,2
189,5
61,1
112,2
504,1
155,2
139,3
208,5
410,18
594,4
236,6
233,4
705,8
387,2
101,3
61,1
324,2
108,3
47,2
1220,1
64,2
104,1
83,1
77,2
633,3
5833,3
145,2
143,2
34,2
109,1
71,2
39,1
311,2
104,5
65,3
71,4
91,2
81,3
70,1
56,1
68,1
135,4
23,1
52,2
302,1
127,2
113,3
206,4
140,2
176,5
171,3
27,1
108,1
54,2
220,8
87,2
156,5
171,3
67,2
376,3
64,1
92,1
183,2
72,2
108,5
90,2
304,2
220,5
125,6
257,4
80,2
674,16
867,78
374,10
111,2
183,3
257,3
234,2
83,3
89,1
76,3
184,1
122,3
227,1
40,1
67,1
114,2
28,2
479,4
102,2
323,1
95,1
194,8
215,5
373,2
89,1
186,1
149,6
702,6
104,2
174,2
77,1
126,2
1065,29
49,3
182,3
170,2
175,12
242,4
101,1
282,3
50,2
76,2
90,3
44,2
214,6
82,2
412,12
284,4
206,3
256,2
88,2
98,5
133,4
76,4
110,3
72,2
62,2
283,7
88,3
68,3
83,1
84,1
34,2
619,1
771,15
129,6
64,2
50,2
81,2
70,4
231,2
635,22
99,2
48,2
553,12
114,2
154,1
64,2
49,1
102,2
86,1
83,3
165,4
40,1
99,6
273,5
116,2
49,1
71,1
129,1
250,2
45,2
119,2
67,2
393,5
202,5
105,1
301,4
62,1
419,2
583,6
172,3
55,2
57,4
250,3
44,1
66,2
353,2
71,2
127,1
190,5
70,2
135,5
195,8
455,5
66,2
184,4
433,7
136,5
54,3
97,1
125,5
247,5
101,1
115,3
69,1
76,2
39,2
185,4
75,3
353,6
76,1
331,10
29,1
176,5
3243,12
324,5
88,1
322,8
50,2
83,3
135,1
64,1
86,2
71,1
655,2
253,8
160,6
89,1
184,6
293,2
314,2
81,3
113,8
189,3
293,8
52,3
118,4
252,5
220,4
208,4
718,2
220,3
93,4
158,1
136,4
169,3
55,3
4940,16
136,6
90,2
97,3
53,1
169,3
308,1
884,31
911,3
132,2
118,1
4764,42
119,2
118,4
299,3
87,4
753,5
52,2
759,6
118,4
151,4
210,15
43,4
83,0
195,1
79,1
36,2
67,2
97,1
118,4
43,1
96,2
243,2
194,3
76,1
224,2
938,35
546,14
343,10
311,5
82,2
83,4
92,1
136,2
398,7
85,3
90,2
36,0
110,2
36,1
52,2
108,4
65,1
121,1
70,1
648,21
191,4
278,6
221,19
229,9
121,2
125,2
105,3
510,6
80,1
77,2
98,5
71,2
76,2
827,12
143,5
53,2
136,5
66,0
40,0
192,7
77,6
64,3
272,7
258,8
147,2
96,3
121,1
140,2
131,4
111,3
105,1
63,3
59,3
37,2
403,1
96,5
195,4
122,1
76,3
38,3
192,6
75,1
510,15
165,12
385,2
71,1
189,1
112,2
129,2
12584,8
463,11
544,3
113,4
117,3
536,1
119,1
97,3
742,1
299,1
58,1
183,7
35,2
40,2
203,8
267,3
518,2
47,0
95,1
52,2
47,1
76,4
149,2
134,2
44,2
202,1
139,13
250,2
2952,12
342,6
109,2
42,2
42,1
79,1
110,4
199,1
41,3
181,3
60,1
178,10
174,2
43,1
368,7
1005,19
219,1
64,1
70,3
124,3
83,6
362,6
151,3
1315,21
651,8
96,1
98,4
83,2
71,3
466,3
77,2
44,1
272,6
167,5
93,1
69,1
116,1
309,7
592,11
77,1
261,2
511,1
94,3
100,1
99,2
416,4
73,3
54,1
479,8
33,1
106,3
152,2
217,6
2790,48
126,3
73,2
74,2
269,3
48,1
93,3
854,2
242,5
339,10
86,2
40,2
93,2
72,1
118,4
235,2
130,5
94,4
94,2
43,1
125,4
141,2
69,2
44,1
59,2
120,4
210,5
262,8
109,2
88,1
82,2
159,4
42,2
46,2
44,2
158,4
82,1
58,1
79,1
64,2
418,9
945,11
115,7
124,1
121,3
121,5
39,1
199,1
43,0
306,8
141,2
117,2
73,4
88,3
109,4
2134,27
138,2
63,2
563,2
85,2
39,2
178,6
2352,89
157,3
80,3
147,6
44,3
610,8
66,2
86,2
219,3
353,2
253,3
180,3
203,5
1014,102
321,6
478,1
107,5
53,3
101,3
214,7
196,4
42,2
210,5
78,3
69,2
87,1
205,3
105,1
150,4
93,2
84,2
346,10
84,4
85,2
20536,292
135,3
42,1
351,10
61,2
181,4
31,1
132,2
55,2
117,2
84,2
290,3
294,6
46,1
46,1
52,2
97,1
101,2
40,1
92,3
91,2
78,1
689,2
36,1
100,4
89,3
65,3
148,2
53,1
1998,63
218,6
608,52
90,2
109,3
162,3
193,4
146,1
74,1
543,6
524,1
92,2
102,1
137,6
84,2
591,12
343,2
38,1
46,1
242,4
152,5
581,4
875,4
1783,46
252,4
134,3
793,1
45,1
232,2
69,1
112,1
480,3
218,3
377,3
120,1
421,7
673,34
233,3
286,4
1417,41
257,4
77,4
73,2
67,1
60,2
103,2
208,2
107,2
79,4
5714,68
81,1
48,1
104,1
62,2
94,2
109,5
40,1
101,1
70,1
95,1
95,3
441,8
541,2
96,5
1440,7
281,0
107,2
124,2
128,6
64,2
97,1
110,1
213,3
116,4
85,1
75,2
225,5
73,4
358,7
373,2
213,6
165,5
52,1
630,3
239,2
213,1
86,3
134,3
62,1
473,2
87,1
143,4
154,2
63,1
2387,20
1404,64
189,2
50,2
5834,4
2046,8
82,1
137,3
189,1
293,4
108,1
65,2
152,2
130,4
1160,17
65,1
57,1
47,2
230,2
432,5
60,1
55,2
98,4
133,10
67,4
97,2
57,2
172,2
99,5
427,3
105,1
83,1
75,1
153,3
169,2
77,3
282,2
174,4
34,1
141,1
37,1
1189,8
53,3
66,2
35,1
61,4
252,3
124,3
45,2
64,1
685,3
172,1
241,3
74,1
90,1
350,3
165,2
138,2
72,3
58,2
206,5
125,3
222,6
91,1
37,1
36,2
59,4
81,2
28,1
51,1
306,4
168,3
128,1
211,3
114,1
84,3
56,2
49,2
120,2
70,1
294,4
127,6
158,3
40,2
143,3
89,6
216,5
244,3
203,2
229,4
132,2
4245,32
571,5
227,4
859,22
121,2
111,3
228,5
118,1
95,3
95,1
141,4
64,2
79,3
610,9
63,2
47,1
669,12
49,1
134,3
281,2
103,3
54,3
53,1
73,1
118,3
86,2
96,2
101,7
132,6
245,3
586,2
84,1
69,1
929,4
96,2
177,1
27,3
264,3
266,3
110,4
75,4
92,4
573,70
179,5
110,2
157,8
269,4
188,6
185,3
157,2
77,3
129,4
234,5
37,1
87,1
212,3
64,3
75,1
285,4
271,5
197,8
131,1
155,1
100,2
602,10
51,2
200,6
75,2
97,3
112,3
184,5
134,2
157,2
110,5
77,4
169,3
320,3
108,1
41,2
97,4
291,2
87,2
106,3
97,2
43,1
196,5
136,2
56,2
668,22
177,1
78,1
167,2
153,3
95,3
75,2
121,2
67,4
174,2
63,3
114,2
70,1
50,1
26,1
905,6
86,1
55,1
185,4
192,2
89,2
90,4
134,3
176,2
62,2
92,1
6950,25
145,3
153,4
2393,37
649,19
234,2
132,2
324,6
171,1
156,1
58,2
163,2
32,1
50,3
62,1
6333,2
101,3
36,2
68,1
64,2
120,3
227,2
49,2
143,4
139,5
95,2
75,2
113,1
253,12
52,2
242,2
106,1
110,2
70,1
81,2
107,2
41,1
32,1
96,3
89,1
108,3
118,4
79,3
47,1
71,2
110,3
66,4
116,2
217,6
83,2
141,4
183,5
215,3
206,6
371,7
70,2
181,6
67,2
65,1
78,3
140,1
85,2
239,2
163,7
159,1
114,2
97,3
81,2
250,6
192,4
145,2
87,3
295,4
176,1
107,1
151,1
144,2
57,1
1233,9
267,3
35,2
148,3
71,2
127,4
92,3
53,2
91,2
658,13
145,5
117,3
148,5
780,39
250,2
297,6
87,1
142,7
279,8
124,2
1547,23
78,2
75,1
147,2
1238,70
126,2
247,2
163,8
419,23
711,9
551,26
379,8
115,14
379,26
281,6
574,12
277,24
217,26
1251,15
261,13
151,5
47,3
50,1
150,2
107,2
103,3
42,3
164,5
215,8
147,2
295,2
94,4
114,5
62,2
112,2
399,10
85,2
73,1
77,1
527,4
138,4
90,2
96,3
250,5
440,6
621,3
65,1
131,6
217,1
195,1
107,2
351,3
95,10
201,3
200,3
148,2
68,1
51,2
163,5
72,4
77,2
99,4
67,3
35,1
147,1
114,2
214,3
209,2
104,1
170,6
69,1
46,1
1019,5
44,1
115,3
61,1
94,4
174,6
77,3
140,2
45,1
55,1
69,3
152,3
97,2
196,2
1312,6
51,1
189,3
802,4
84,3
255,7
205,3
232,2
799,11
107,1
34,1
105,1
54,1
547,8
126,2
97,1
94,5
54,1
413,8
499,1
129,2
144,3
75,5
183,2
361,3
99,3
142,3
149,3
45,1
63,2
76,4
184,2
162,4
89,1
78,4
223,3
77,1
71,1
289,5
458,10
96,4
104,4
51,1
60,1
129,1
184,2
71,2
143,4
132,2
78,1
75,2
203,2
163,2
174,2
225,2
144,3
334,7
112,4
171,2
124,2
308,5
132,3
183,4
53,2
120,2
49,1
197,3
44,1
160,4
111,14
758,7
52,13
68,5
79,8
105,4
91,8
41,1
48,2
177,2
58,1
94,1
119,3
80,2
74,2
162,3
93,4
51,2
64,1
91,2
821,2
219,6
59,4
80,1
52,2
137,3
87,4
62,2
754,3
94,2
43,0
503,9
164,3
126,4
46,2
29,2
143,5
68,2
245,20
117,7
408,8
490,3
180,6
814,19
76,2
137,2
91,3
81,1
92,1
65,4
142,5
86,0
79,2
1207,25
73,3
239,2
49,1
71,2
179,3
47,1
41,4
502,5
223,1
216,6
557,3
167,4
67,3
75,1
43,1
74,1
105,2
245,9
70,2
65,2
249,3
90,1
93,2
217,3
153,3
37,1
402,8
109,6
60,2
363,6
346,3
52,1
351,4
224,4
127,8
130,5
84,3
69,2
152,7
77,1
46,1
379,5
71,1
39,1
35,1
103,3
251,3
526,5
84,4
81,3
69,1
169,3
207,4
112,3
53,3
160,4
120,4
69,2
101,2
147,6
789,20
168,1
62,4
79,1
110,3
168,1
98,2
208,2
77,1
176,2
262,3
88,1
271,3
337,7
91,3
72,2
54,2
96,1
59,1
269,4
79,4
124,4
76,1
34,1
598,5
59,2
146,3
163,6
215,3
165,2
62,2
70,2
55,1
101,1
92,2
1217,32
109,1
89,1
174,5
1680,25
146,2
324,9
163,7
116,2
69,3
144,2
74,2
24,2
187,1
48,2
78,1
65,3
143,3
103,2
112,3
137,2
225,6
109,4
39,1
274,5
73,1
60,2
182,4
147,2
55,1
168,5
163,3
73,1
72,1
1159,11
56,2
32,2
77,3
56,2
93,1
45,2
222,7
93,5
237,5
56,2
64,1
100,1
106,2
89,4
284,3
113,5
51,2
151,3
119,7
318,5
1438,8
50,2
215,4
77,2
490,4
51,1
117,3
36,1
255,4
105,4
55,2
140,3
207,4
121,2
29,1
328,7
75,2
3254,10
397,4
203,8
92,3
115,1
40,2
191,3
68,2
590,7
52,3
153,4
186,4
101,2
51,2
130,4
75,3
165,3
180,4
95,3
63,3
79,2
270,2
70,4
67,2
47,1
49,1
77,2
144,4
54,4
58,1
45,1
47,15
68,1
88,1
111,3
273,3
111,2
316,5
240,4
208,4
80,2
97,3
116,6
101,4
279,4
83,4
214,4
82,2
79,4
178,1
110,6
403,11
114,2
112,3
39,1
191,1
59,1
56,1
69,1
62,2
77,2
55,2
194,3
89,2
73,2
114,1
54,2
81,3
335,7
70,2
61,4
118,3
138,4
128,5
120,3
68,1
69,5
90,3
126,3
234,4
90,3
82,1
127,3
1010,12
880,4
60,1
49,1
113,3
122,3
105,2
126,5
161,2
52,2
217,5
171,9
237,6
69,2
145,1
84,3
70,2
154,3
103,3
74,3
91,2
77,3
154,4
372,5
354,2
96,2
66,3
29,2
187,10
217,24
169,3
76,2
178,4
53,2
120,2
49,2
78,2
249,2
137,1
156,3
188,5
137,6
77,3
70,2
69,4
121,2
138,3
74,1
272,9
102,5
170,2
90,7
223,3
84,4
88,2
271,5
277,5
62,1
176,3
201,4
92,4
265,12
77,1
188,0
204,1
111,1
36,1
278,4
269,6
43,3
22,2
86,2
110,3
233,2
326,3
114,5
2899,11
1554,8
86,2
149,5
136,4
60,1
69,1
170,7
102,1
173,2
222,8
104,3
56,2
175,3
170,2
42,2
34,2
85,4
86,3
157,2
94,4
106,4
206,11
383,10
74,6
36,9
472,7
69,5
105,11
213,8
117,13
372,20
67,2
240,9
122,6
200,10
98,2
122,5
132,5
117,4
87,3
49,3
144,3
129,5
78,3
285,6
265,7
113,2
260,3
260,4
311,8
65,4
346,4
174,6
352,6
44,1
154,2
118,2
64,2
256,3
74,2
87,3
173,5
770,5
1464,1
132,3
260,9
167,9
188,3
47,3
49,1
77,3
143,15
1743,57
777,34
581,12
60,11
123,13
185,25
369,18
274,29
35,2
98,2
477,7
248,4
298,4
30,2
50,2
380,10
76,2
80,3
82,2
76,3
61,3
62,4
19,1
110,5
227,2
19,1
66,2
235,7
114,3
63,4
62,3
37,1
39,3
153,2
79,1
27,4
61,2
156,2
176,2
93,4
102,14
332,1
107,3
28,1
61,1
198,2
38,1
72,1
105,2
142,1
75,2
66,1
373,7
24,2
90,4
254,5
23,1
51,1
166,5
151,3
95,1
66,1
142,1
70,1
84,3
367,6
98,1
611,4
251,3
155,3
147,2
183,3
130,3
36,1
60,1
174,1
81,1
83,3
127,3
44,2
133,1
209,3
115,4
390,2
83,4
41,1
363,5
43,3
722,11
180,3
114,4
582,2
361,7
98,2
95,2
127,2
53,2
122,2
25,1
60,2
109,3
108,6
48,2
71,2
1804,22
74,2
106,1
46,2
71,2
35,1
73,2
152,2
291,4
75,5
72,1
93,3
70,3
175,6
103,2
55,3
103,3
136,4
269,5
127,2
34,2
241,8
224,9
147,1
68,2
165,5
111,6
56,1
58,11
29,9
73,6
53,10
88,2
64,10
66,7
426,8
260,3
58,15
106,2
2778,7
212,2
93,4
137,7
206,7
92,3
47,3
54,3
67,2
22,2
70,3
282,4
54,2
81,1
103,5
185,3
41,1
48,1
85,1
178,4
43,3
68,2
125,4
124,17
200,6
63,2
193,2
116,2
240,6
70,1
4778,24
62,3
118,2
29,1
49,1
157,1
78,4
101,1
68,1
116,2
215,7
370,4
64,1
122,4
462,10
123,6
49,1
156,4
67,1
772,1
52,13
87,13
136,30
64,19
815,3
236,6
63,8
1583,18
160,2
409,6
57,14
165,5
153,4
40,2
159,2
217,5
44,2
260,5
159,3
34,1
20,1
525,3
59,3
202,2
41,6
481,10
79,1
84,4
239,8
145,2
50,1
211,5
48,3
692,12
118,2
66,4
142,2
39,2
222,6
84,5
141,4
45,5
58,3
16,1
146,8
113,2
109,2
67,3
201,4
42,1
49,2
24,3
86,4
111,3
77,2
142,7
32,1
49,1
469,22
54,13
141,11
140,15
296,6
1777,10
707,16
190,9
153,2
886,12
180,8
57,1
152,3
232,3
87,2
175,2
265,2
102,3
53,3
78,2
97,2
124,4
163,2
2244,6
122,3
284,5
137,3
46,1
52,2
468,4
182,3
123,3
53,2
101,2
361,9
292,2
155,2
203,3
68,3
94,2
30,1
208,5
145,8
56,1
62,2
395,1
133,2
141,3
204,14
121,25
68,8
64,2
328,24
572,10
754,1
138,3
436,14
60,2
103,2
73,1
58,3
248,3
335,2
188,1
149,3
162,3
233,4
201,3
138,2
171,6
40,2
90,1
242,1
158,6
70,3
61,2
236,10
77,2
44,1
331,4
71,4
168,3
33,1
139,2
3363,24
46,5
90,3
110,3
87,2
59,2
115,1
107,3
36,1
115,4
140,2
108,5
459,6
54,2
353,10
61,3
58,2
113,4
273,8
66,2
234,2
74,2
75,1
201,1
132,1
1178,2
113,6
89,7
129,4
112,5
101,10
152,9
283,15
100,1
101,1
207,7
106,4
259,4
32,3
119,5
285,11
157,2
40,1
86,3
623,4
81,1
53,1
122,7
62,10
75,4
59,12
60,11
23,2
27,2
31,5
44,1
338,1
140,1
474,2
315,4
242,5
51,1
82,1
60,1
81,1
62,1
81,2
715,6
137,2
169,2
72,3
90,3
242,2
131,3
75,2
89,3
76,1
123,5
65,2
263,8
350,9
135,4
35,2
358,5
43,8
33,6
38,5
256,4
207,2
1128,4
184,5
355,27
75,8
25,5
112,4
31,2
130,3
197,1
120,2
111,3
99,2
120,1
71,4
107,3
123,1
97,6
89,1
82,2
93,2
33,1
94,1
143,1
961,10
219,5
278,1
63,3
146,3
41,2
65,1
77,4
80,3
58,1
36,1
56,1
56,2
70,4
147,1
96,6
162,5
270,2
114,6
77,3
35,1
72,3
183,13
137,4
122,13
104,3
81,13
127,9
115,3
74,3
100,6
136,5
61,1
96,3
126,5
69,2
242,2
81,2
129,2
45,1
96,6
155,2
141,4
149,1
49,2
78,3
111,3
138,2
102,7
158,6
45,2
178,4
123,2
306,2
41,1
116,2
369,6
64,1
85,4
184,4
117,5
35,2
348,3
71,4
69,5
535,4
82,5
128,3
123,4
916,11
83,6
461,6
187,20
74,1
142,17
45,8
36,7
206,9
181,13
98,4
7632,38
70,1
134,1
305,6
125,2
95,0
129,1
96,2
85,3
162,2
69,2
89,3
270,4
48,1
287,3
410,6
120,2
67,2
69,2
154,15
74,1
92,1
45,1
120,3
209,3
106,2
328,2
40,1
109,6
110,6
74,3
58,1
163,5
80,4
314,6
19,1
58,1
363,6
219,9
63,3
52,2
103,1
44,8
31,1
54,2
44,2
511,5
27,8
259,2
1287,5
68,2
510,1
60,1
196,2
156,6
75,4
55,1
201,1
457,6
78,4
138,4
76,1
89,2
91,3
54,2
293,6
615,7
62,3
113,2
183,1
91,3
166,1
225,4
157,4
224,4
94,4
171,7
209,10
390,6
498,7
125,5
58,4
123,9
56,2
25,7
54,1
55,4
116,9
283,10
234,6
64,8
8,4
81,3
183,11
24,4
47,1
17,3
46,2
99,4
138,5
149,4
296,4
246,2
169,3
204,7
155,3
93,2
98,2
83,2
208,7
83,2
119,2
129,1
169,3
80,4
47,1
176,4
101,3
85,2
43,1
91,3
258,14
130,3
632,13
139,2
116,4
48,1
116,5
96,3
174,8
192,3
281,5
185,3
117,3
1962,4
137,4
33,1
111,1
241,14
20,1
20,4
75,6
40,6
27,5
30,2
28,6
51,3
91,2
167,6
54,1
88,3
200,1
1141,11
166,3
215,5
35,1
8903,18
71,2
162,3
299,11
32,1
87,3
51,2
59,5
315,8
56,3
845,46
83,3
107,2
216,13
116,4
190,10
149,14
2116,17
100,5
75,2
113,4
90,2
52,1
449,5
58,1
70,2
167,3
125,2
91,3
84,1
39,1
40,1
56,1
256,3
137,1
227,1
39,1
57,2
78,2
49,1
227,1
220,2
62,3
257,3
102,2
512,4
345,5
638,4
257,1
80,1
214,4
1422,21
59,2
192,5
195,4
84,1
78,0
43,1
287,7
452,10
764,9
68,3
111,2
78,2
155,4
174,4
72,4
168,7
52,1
78,1
54,1
10,1
131,2
244,7
76,1
267,2
38,1
331,3
299,4
282,5
102,1
1764,11
82,5
108,2
123,2
98,5
101,2
125,3
70,3
143,6
203,7
223,4
508,2
44,1
161,2
1072,7
30,1
117,3
104,1
80,2
90,5
226,4
89,2
58,2
119,1
151,3
199,6
196,1
88,1
98,3
129,2
322,8
101,3
346,2
112,2
209,5
98,4
79,5
598,7
69,1
81,4
132,4
810,14
64,1
540,3
133,3
601,2
2073,4
80,1
149,2
163,4
101,8
55,1
73,1
118,3
86,4
76,3
68,4
29,1
125,1
235,4
54,1
63,2
115,3
38,2
127,5
29,2
50,6
39,3
127,1
145,1
603,4
167,3
302,9
200,5
120,5
80,2
121,5
55,2
71,1
85,3
228,6
59,3
158,2
31,1
97,1
34,2
85,5
75,2
136,3
118,3
181,1
148,1
21,1
37,1
114,2
150,4
275,3
135,3
176,3
85,3
256,1
122,3
509,13
119,6
92,3
134,2
345,5
65,1
159,4
131,5
68,1
140,4
476,8
40,2
376,6
209,6
100,2
63,1
111,1
77,1
45,1
565,11
104,1
69,2
120,2
227,4
135,2
95,2
278,9
78,1
906,6
112,2
76,3
135,3
67,2
164,1
1716,1
45,1
73,2
215,5
179,2
59,1
81,1
344,8
260,2
103,2
90,3
280,7
259,3
363,5
82,3
51,2
188,2
120,3
159,1
156,3
87,2
194,6
76,2
260,3
75,2
262,1
166,6
58,1
15,7
80,15
174,3
96,1
42,6
66,5
88,13
1005,1
93,1
399,5
32,13
87,5
54,2
261,5
77,4
44,3
313,4
79,1
66,1
132,4
169,2
113,2
133,4
54,2
128,1
180,2
77,3
60,2
547,5
72,2
74,3
151,2
91,4
94,1
225,1
84,4
342,6
218,3
58,6
50,6
200,8
32,5
42,12
340,35
211,9
88,9
187,7
99,3
58,3
112,3
113,4
140,4
80,3
129,2
45,1
169,2
37,1
104,3
125,1
77,2
39,1
101,3
212,5
481,9
97,2
186,4
130,2
143,2
130,2
311,8
81,1
51,2
68,3
63,2
889,7
879,1
1211,5
66,1
211,9
140,12
63,4
187,4
387,1
67,3
1051,6
61,2
92,5
51,5
133,2
60,1
136,4
61,3
226,5
44,1
72,2
36,1
34,1
182,7
287,2
281,5
430,3
80,2
20,1
117,1
78,2
140,3
72,2
333,3
66,2
72,1
95,2
64,6
59,1
122,1
85,2
50,1
36,1
122,3
233,4
55,2
899,51
49,1
63,1
79,4
131,5
261,2
157,3
557,4
62,2
76,2
334,5
85,2
47,2
60,2
75,4
84,5
38,1
98,1
97,2
30,1
93,5
288,6
678,4
142,7
170,5
30,1
64,2
113,2
76,2
59,1
331,1
72,2
52,2
110,3
368,10
191,2
80,3
155,3
73,4
132,5
177,4
40,0
77,2
92,1
209,6
365,14
546,7
113,5
87,2
199,4
69,2
164,4
50,2
192,3
81,2
129,2
49,1
272,3
495,4
64,3
51,1
56,1
24,1
65,2
105,1
79,2
97,1
67,2
183,6
442,7
252,5
107,3
41,1
53,1
105,2
1200,34
104,1
66,3
469,5
116,3
119,4
810,7
95,1
221,3
58,1
108,1
108,1
136,1
35,1
133,3
111,4
113,1
65,3
93,4
61,3
74,3
89,3
121,3
73,2
323,3
285,7
144,4
105,5
170,2
255,6
60,1
375,3
174,5
48,3
151,4
38,1
279,7
114,4
292,5
84,3
136,2
98,3
251,7
181,3
112,5
93,2
132,3
239,2
119,7
91,1
90,3
62,4
51,1
83,2
144,2
38,1
57,1
34,2
98,5
55,2
155,3
52,3
69,3
87,1
174,2
95,2
164,3
82,3
65,1
115,1
119,3
71,2
354,5
67,1
205,5
61,0
104,2
107,2
266,5
67,1
234,5
376,4
203,5
104,3
66,1
269,3
96,4
28,1
105,1
102,1
575,11
32,1
27,1
43,3
43,2
65,1
48,2
63,2
121,3
104,4
51,2
68,1
192,4
77,2
642,14
309,8
180,5
135,2
30,2
79,1
169,6
866,8
221,3
109,4
796,8
196,9
119,2
54,3
433,7
105,1
144,2
110,1
247,3
117,1
108,3
109,2
85,3
69,2
53,3
70,3
169,5
151,4
140,4
137,1
59,2
60,1
199,7
63,2
134,3
276,1
53,2
112,2
56,1
73,2
40,2
326,4
78,4
107,1
98,2
66,2
159,7
53,1
199,2
67,2
118,2
209,7
42,1
182,2
98,3
354,5
333,5
158,3
77,1
181,2
102,1
270,1
555,5
132,2
78,4
39,2
105,4
46,1
23,1
230,3
273,2
123,2
154,4
51,1
103,5
117,2
103,4
104,3
60,2
70,1
218,1
80,1
284,8
386,4
104,1
92,0
118,3
134,3
139,3
92,6
122,1
36,2
74,2
72,1
149,4
625,2
746,5
80,3
206,3
69,2
96,6
34,2
201,1
63,3
52,1
82,2
575,4
74,4
118,5
157,3
240,10
3382,12
148,3
339,1
216,1
140,2
77,3
52,1
214,8
144,5
1691,21
716,8
336,5
86,1
63,2
355,5
347,3
146,7
185,5
94,2
284,4
255,5
240,4
304,3
189,3
150,5
40,1
79,1
196,2
981,7
123,4
1859,22
79,2
143,3
482,4
67,3
77,1
60,3
50,1
54,1
238,6
90,1
70,1
118,2
87,2
154,3
62,1
308,18
651,11
507,8
64,1
70,1
159,2
40,1
258,6
71,4
47,2
46,3
62,2
141,4
2044,6
181,8
151,4
40,1
37,2
45,1
52,3
84,1
213,3
188,1
89,1
58,1
63,1
99,3
62,2
116,3
141,5
214,2
169,3
226,4
123,4
71,3
50,4
108,4
62,2
95,4
39,1
56,1
38,1
132,3
76,3
137,5
467,1
766,12
70,2
87,1
86,5
60,1
100,2
213,2
164,3
79,2
78,2
138,2
42,1
80,2
49,1
52,1
89,2
675,7
61,1
38,2
193,3
22,1
92,2
134,4
147,2
79,2
99,4
195,1
150,1
99,2
135,3
67,2
137,6
94,1
89,3
216,1
100,4
79,1
151,4
82,2
80,1
82,1
178,4
3883,13
149,3
49,1
506,3
186,3
166,5
82,3
182,7
101,2
384,5
86,2
119,1
52,1
155,1
393,2
176,5
105,1
94,4
103,3
63,2
321,3
87,1
74,2
126,3
27,3
645,6
71,3
423,5
66,1
199,3
190,5
92,2
516,3
481,2
175,2
39,2
98,2
124,3
142,4
115,5
66,1
27,2
374,12
127,4
109,2
84,2
117,1
453,10
273,6
236,2
145,6
69,1
1144,22
119,2
130,1
92,2
221,2
174,3
184,4
100,3
303,4
106,3
363,4
53,1
55,2
519,2
124,1
52,1
72,1
183,1
256,1
904,4
52,2
45,1
42,1
55,0
186,4
69,1
52,3
228,3
174,1
94,2
797,7
191,2
108,3
605,13
66,1
92,1
59,0
65,1
33,1
62,1
277,4
63,2
112,3
50,3
193,2
85,1
36,1
246,3
58,0
69,1
29,1
83,4
64,2
194,3
329,3
80,1
125,4
312,3
166,3
60,2
89,1
292,3
113,3
318,13
99,2
67,2
65,2
142,4
63,1
133,1
49,2
152,4
262,9
79,2
218,5
191,3
100,1
173,3
117,4
110,2
150,4
80,1
46,1
112,3
541,8
92,2
131,3
218,4
191,3
113,3
95,3
468,6
309,2
373,5
105,2
105,4
238,1
146,1
59,1
268,2
78,1
117,4
217,4
236,9
96,1
93,3
73,4
128,2
217,6
145,2
137,1
78,1
108,1
168,2
40,1
70,2
93,2
62,2
34,1
270,6
75,1
31,1
106,2
182,2
43,1
136,2
55,2
67,1
44,1
238,10
115,5
149,9
26,1
87,1
78,2
93,1
92,2
104,1
85,1
34,2
53,2
111,2
95,1
119,1
296,2
46,1
103,1
50,2
65,1
75,1
137,2
101,4
337,1
117,1
113,3
641,9
56,2
83,4
41,1
246,3
292,3
418,4
45,2
82,1
92,1
188,6
97,7
105,4
93,3
71,1
99,2
109,3
185,1
161,5
85,1
171,3
104,4
163,4
45,2
165,5
55,1
178,1
476,3
102,1
66,1
140,4
79,2
157,4
86,1
124,1
27,1
52,2
74,3
44,2
136,0
54,1
71,2
278,3
61,1
105,2
30,1
52,1
98,1
210,8
87,2
140,2
57,3
79,2
132,2
117,3
63,1
396,4
432,7
65,1
393,9
81,2
91,2
185,8
60,5
74,3
565,19
146,3
61,4
69,1
289,5
131,1
92,4
288,8
325,3
73,2
54,1
80,4
30,1
117,7
163,1
68,3
27,1
73,2
1276,14
345,7
74,2
174,4
64,1
42,1
54,1
98,1
301,3
85,3
294,8
86,1
158,3
33,1
59,3
148,4
64,4
43,1
128,2
48,1
223,6
349,20
99,2
66,2
75,3
44,1
150,4
40,2
152,5
346,8
135,3
172,2
41,1
442,4
177,2
1215,2
60,3
69,3
166,5
67,2
39,1
96,3
143,7
434,2
49,2
247,5
215,7
51,1
99,1
41,1
108,2
76,1
245,5
90,2
64,2
84,1
111,3
131,3
88,4
82,1
117,6
285,2
44,2
161,5
78,3
769,11
136,5
41,2
73,1
72,2
65,1
215,6
319,5
358,2
107,3
186,3
158,5
93,2
172,5
34,2
151,1
46,1
200,5
59,1
113,3
617,3
217,2
41,1
82,2
56,1
53,2
117,4
118,3
72,3
90,2
172,3
149,1
56,2
107,2
55,1
30,3
89,5
306,11
199,8
138,3
170,1
45,1
114,4
62,2
49,2
80,4
55,3
99,1
647,7
119,4
138,2
354,4
371,4
98,3
39,1
56,3
80,2
154,10
168,1
101,1
41,2
208,2
87,1
731,25
102,3
260,2
160,3
147,3
68,1
78,2
85,2
49,1
88,1
55,3
1169,36
44,1
518,22
67,1
135,2
89,1
152,2
315,4
116,2
219,2
54,1
207,2
47,2
52,2
63,3
140,6
188,3
125,3
243,5
195,1
115,3
188,9
194,3
48,2
95,1
204,5
47,2
35,2
32,1
301,6
104,4
70,2
203,4
115,1
99,1
528,8
657,8
263,11
91,2
60,1
72,2
173,1
43,2
158,5
86,1
71,2
43,1
67,3
67,1
48,1
1261,10
181,5
308,6
89,2
185,4
41,1
78,2
141,5
41,1
210,4
54,2
47,1
36,1
30,1
137,5
104,5
153,3
233,6
93,3
99,3
241,5
136,3
22,0
106,1
43,2
8240,31
365,6
138,5
1168,19
86,3
134,3
80,1
70,4
78,2
75,3
57,2
197,2
161,2
658,6
58,1
38,1
163,3
177,3
407,8
101,3
193,3
106,2
129,1
52,1
58,1
57,1
337,6
349,2
153,1
34,1
12,1
75,1
80,2
27,0
40,2
91,1
361,6
154,1
37,0
62,3
69,1
183,4
102,3
81,2
73,4
139,4
99,2
57,1
755,17
59,2
113,3
100,7
56,1
230,1
79,2
55,1
81,2
23,1
1226,2
193,4
149,5
142,1
47,2
99,1
104,2
240,10
43,1
60,1
291,7
125,2
57,1
85,0
115,2
50,1
92,2
54,1
77,1
36,1
376,1
52,1
170,1
189,2
61,1
165,2
296,2
212,1
59,1
157,2
335,3
18,1
122,3
42,1
103,2
68,1
44,1
148,2
140,2
86,2
83,1
53,1
123,3
102,3
187,3
114,2
154,2
358,9
91,3
151,3
42,1
1463,27
63,2
64,1
191,4
33,1
85,1
103,5
105,2
52,1
36,1
209,2
42,2
35,1
279,14
108,2
76,3
329,4
114,2
58,1
73,1
127,3
364,11
136,4
85,3
64,2
197,6
53,2
101,2
229,5
139,1
217,5
100,2
268,3
71,2
178,2
73,1
118,2
303,6
146,1
171,2
16,1
130,5
51,1
66,2
98,2
40,1
276,3
138,3
51,1
185,3
70,2
147,1
96,2
271,2
138,5
61,1
76,2
200,1
89,2
108,3
93,1
72,2
50,1
568,3
66,2
54,1
119,4
306,5
40,2
94,1
441,6
175,8
100,2
59,1
85,3
63,1
61,2
418,8
78,1
463,5
186,3
79,3
171,1
95,2
186,2
159,4
47,1
70,1
56,1
63,1
218,8
261,4
25,1
19,1
114,1
105,2
45,3
714,0
35,2
43,1
95,2
84,3
76,1
58,2
154,2
84,2
285,2
40,1
110,3
247,8
669,18
130,3
75,5
63,1
80,2
123,5
1094,4
67,2
102,1
33,4
29,1
47,0
230,6
76,1
560,5
164,5
225,5
68,2
104,3
92,1
23,1
89,1
57,2
30,1
91,6
40,4
69,12
46,7
98,3
35,5
46,2
247,4
173,10
58,2
144,2
72,1
157,2
297,9
38,2
93,2
37,2
72,1
44,1
821,6
160,2
337,4
73,1
61,2
88,1
126,1
57,2
196,4
121,2
74,1
53,2
73,1
278,4
101,1
112,4
120,2
233,4
214,2
63,1
136,3
136,2
66,2
145,2
94,3
283,6
90,1
91,2
58,2
47,1
202,3
54,2
114,3
88,1
141,2
455,9
174,5
116,9
71,9
297,4
186,2
88,2
63,1
81,1
293,0
191,3
265,3
135,3
45,2
58,0
54,1
247,2
82,5
34,1
44,1
33344,5
80,2
100,4
124,1
257,2
5340,10
183,3
304,8
113,3
50,3
73,2
54,3
275,6
152,1
441,7
111,3
92,1
166,2
112,2
165,2
556,6
130,4
193,7
135,3
432,3
74,2
68,2
61,1
117,2
93,1
113,1
113,2
115,2
219,4
189,3
80,1
94,3
135,1
154,4
91,3
71,2
82,1
156,4
156,2
40,2
171,7
48,2
149,4
84,1
97,4
39,1
275,4
157,2
2110,34
51,1
77,1
97,1
266,5
146,1
202,3
106,1
174,4
154,1
122,1
63,3
79,2
267,5
175,3
190,3
109,3
272,3
184,3
49,1
154,4
529,6
104,2
49,1
80,4
54,1
99,2
277,2
127,3
268,7
31,1
189,4
128,1
136,4
163,3
87,2
134,1
90,4
111,2
170,2
120,1
120,1
184,3
374,1
38,2
64,1
55,1
42,1
178,1
91,1
84,1
132,4
83,2
36,1
211,5
62,1
51,2
104,8
29,1
208,7
47,1
63,1
34,1
69,1
61,2
82,1
80,2
76,2
136,4
283,13
147,1
372,5
46,1
138,6
176,1
275,2
340,3
67,2
47,1
93,1
41,1
106,1
260,3
216,2
78,1
145,3
78,1
207,2
184,1
169,3
166,3
63,1
135,1
238,4
92,1
137,3
46,1
98,1
54,1
129,4
140,4
47,1
51,1
143,2
58,0
83,3
150,4
92,1
66,2
110,1
45,2
38,1
104,2
125,1
235,1
39,1
98,3
78,2
63,2
117,1
45,1
185,1
80,1
84,1
204,2
62,1
69,0
47,1
57,1
94,1
81,1
67,2
846,3
126,2
112,2
205,4
77,1
366,6
84,2
116,3
146,2
72,1
140,1
133,2
50,1
129,2
76,1
62,2
72,2
568,12
65,4
38,1
82,1
37,1
263,4
70,1
183,5
64,1
40,1
247,4
59,1
77,1
53,1
138,5
43,1
169,7
75,1
51,2
84,1
45,2
93,3
138,4
31,1
43,2
54,1
72,2
48,2
287,7
82,1
69,2
202,9
112,2
106,5
72,1
51,1
91,1
148,2
55,3
472,11
141,5
37,1
35,1
30,1
50,1
52,1
266,5
63,2
333,5
178,2
66,1
126,2
206,6
294,4
42,1
175,1
74,1
72,1
45,1
79,2
87,2
75,1
63,1
390,2
132,3
143,3
61,3
156,3
242,6
112,2
117,2
116,3
58,0
111,3
93,4
119,1
251,4
231,1
105,2
66,1
75,1
70,3
96,1
139,1
345,5
202,3
325,9
32,1
167,3
99,1
152,3
95,3
134,5
48,1
358,6
45,5
66,1
218,3
82,1
188,3
113,3
758,15
370,6
121,3
86,2
85,1
49,3
100,2
53,3
104,6
66,1
50,1
119,1
130,4
688,9
31,1
54,1
65,1
82,4
69,2
77,3
64,3
38,1
38,1
262,5
406,3
236,4
238,4
58,1
65,2
333,4
112,1
89,1
41,1
76,2
89,2
1714,9
76,2
940,7
88,4
87,2
82,2
31,1
145,2
121,4
158,2
74,1
143,3
108,2
59,1
120,4
44,1
166,4
1827,3
164,2
72,1
65,1
55,1
48,2
168,2
132,2
111,1
46,1
42,1
59,2
87,2
170,6
28,1
92,1
166,1
47,1
63,2
276,6
91,3
73,2
52,3
36,1
80,1
135,3
194,2
41,1
72,5
73,2
101,1
98,3
25,1
230,2
144,2
35,3
1646,18
221,2
601,9
64,2
36,1
122,3
66,1
49,1
93,1
442,3
166,1
375,8
160,4
856,5
292,3
87,1
50,1
100,1
324,2
78,3
119,4
114,1
81,1
121,4
142,1
46,1
88,2
51,1
76,5
192,1
53,1
61,1
60,2
164,1
75,6
89,1
124,2
69,1
61,1
327,2
110,1
90,2
61,1
104,2
401,21
158,10
202,9
252,5
275,1
219,2
58,1
38,2
63,1
59,2
70,1
159,5
202,4
109,1
102,2
92,1
71,2
54,1
99,1
83,2
35,2
629,7
34,1
151,4
160,2
85,2
76,1
90,1
84,1
134,2
77,1
30,2
103,1
186,5
193,2
43,1
129,2
82,2
119,2
141,1
195,2
339,3
96,2
44,1
107,1
132,1
72,1
82,3
78,1
95,2
48,1
88,2
150,1
78,3
431,30
33,1
45,2
99,1
160,3
61,1
97,1
101,5
61,1
85,4
301,2
87,2
580,12
88,1
177,6
51,1
129,2
46,2
52,2
91,3
69,1
241,6
74,2
72,2
327,6
132,1
83,2
250,7
41,1
76,2
2735,11
28,1
507,3
66,2
126,7
337,4
70,3
42,2
69,1
41,1
249,2
201,3
54,2
47,3
35,1
200,2
95,1
30,1
54,1
83,2
323,5
63,2
202,7
38,1
74,1
247,11
220,1
80,2
76,4
1285,8
71,3
38,1
117,3
97,3
141,5
223,3
519,8
108,3
73,1
100,1
81,1
71,2
88,4
35,1
69,1
377,6
81,2
34,1
280,10
60,1
117,7
1911,5
85,1
394,6
33,1
123,4
171,2
411,8
48,1
158,3
46,1
76,1
78,1
51,1
99,3
86,4
86,2
273,6
107,1
58,1
122,1
122,1
448,10
132,3
151,1
143,1
66,2
213,5
74,3
148,1
42,1
137,1
172,1
119,2
53,2
195,1
52,2
151,3
51,1
63,1
60,2
87,2
103,5
75,1
177,3
142,4
54,2
60,2
226,8
63,1
128,1
110,1
50,2
121,2
70,2
77,1
73,1
84,3
69,1
441,3
178,7
107,3
81,1
66,2
145,2
105,3
86,3
111,1
57,1
58,2
110,2
155,3
115,6
63,2
26,1
64,2
187,7
112,2
188,3
97,2
72,1
445,10
47,1
39,1
230,5
59,3
86,1
135,2
58,1
61,1
116,1
67,1
91,1
80,2
113,4
28,1
115,3
209,4
65,1
83,2
97,2
126,3
73,2
67,1
672,6
69,3
72,4
103,2
323,7
51,0
60,1
405,4
1341,8
31,1
73,1
54,1
170,1
75,1
96,3
73,1
181,5
140,6
273,8
114,4
132,6
79,4
35,1
143,4
290,6
54,1
84,2
110,1
91,4
56,1
86,2
102,3
197,4
79,1
82,2
73,1
26601,90
219,9
43,3
159,5
147,5
57,1
126,1
388,4
83,2
70,2
60,1
81,3
82,3
170,2
151,6
242,3
402,4
22,1
330,6
267,2
59,2
33,2
110,2
41,1
34,1
137,3
78,2
65,1
73,4
104,1
61,2
214,1
775,8
51,1
197,3
73,2
3095,3
105,2
93,1
114,2
248,4
134,2
177,3
93,2
77,2
54,2
85,2
251,1
67,1
51,1
102,1
220,3
146,3
72,1
120,4
297,2
130,2
79,1
252,12
107,4
70,1
64,4
87,3
84,1
66,1
78,3
233,4
365,2
316,12
176,3
135,2
61,2
99,1
232,2
271,9
144,3
32,1
93,3
25,1
523,9
37,1
712,9
94,2
88,4
64,3
70,1
239,6
51,2
71,2
53,1
91,1
79,2
48,1
262,6
194,2
282,2
54,1
40,1
92,4
249,5
76,3
126,2
191,2
32,2
66,2
56,0
156,4
149,4
84,1
64,2
328,1
23,1
39,2
43,2
142,2
125,3
52,3
114,2
279,3
57,2
101,3
40,1
1346,8
350,21
129,1
106,1
59,1
91,1
85,2
96,1
172,5
36,1
156,1
83,2
115,2
76,1
225,7
61,1
157,2
564,4
100,1
161,3
100,3
237,6
52,2
116,5
151,5
263,2
39,1
181,2
107,1
95,2
42,1
198,4
130,5
165,1
55,1
473,7
293,2
88,1
301,6
94,2
240,3
146,3
26,1
147,2
98,1
65,1
193,1
230,7
174,6
77,11
563,7
282,2
128,3
114,2
119,1
36,1
208,3
185,3
156,3
54,1
92,2
168,3
46,3
82,2
117,2
62,1
80,2
96,2
289,7
112,2
56,1
54,2
177,7
107,4
69,1
202,1
199,4
47,2
73,2
98,1
664,9
69,2
295,3
125,1
224,1
88,1
176,4
456,3
26,1
219,4
58,2
193,7
43,2
132,4
59,3
81,2
96,1
71,2
67,2
59,1
57,2
119,2
78,2
152,2
91,1
101,1
21,2
32,2
76,2
959,17
102,3
72,2
1805,3
91,3
83,3
125,2
119,7
79,2
236,1
172,2
283,3
190,3
57,2
257,2
73,2
121,3
86,3
111,2
139,1
190,3
145,1
306,4
269,2
105,3
269,5
76,2
361,4
281,8
39,2
107,3
161,2
46,1
63,1
21,1
180,2
82,3
127,2
69,1
275,6
1448,14
34,1
85,2
31,1
66,3
107,4
72,1
95,1
196,1
62,2
53,1
55,1
86,2
142,1
346,2
137,2
103,4
309,8
142,5
82,2
183,1
58,1
247,16
291,1
131,2
1180,11
27,1
57,2
102,1
44,1
151,3
186,2
62,2
29,1
66,1
239,4
93,1
62,1
47,1
57,1
185,3
70,5
133,4
187,2
179,3
133,5
346,2
63,0
214,4
71,2
94,5
93,1
42,2
122,2
57,2
95,1
33,2
90,1
101,2
227,5
189,3
64,1
142,1
153,3
134,1
92,2
65,2
54,1
173,2
115,2
40,1
87,1
236,1
143,2
87,1
32,1
71,2
104,3
193,6
248,5
170,2
179,5
47,2
61,2
166,3
83,2
359,8
152,4
133,1
63,0
54,1
116,3
74,2
175,4
80,4
71,2
216,3
126,2
30,1
105,2
496,7
98,3
74,1
120,2
85,2
380,11
80,2
31,1
36,2
38,1
86,4
40,1
53,2
517,10
284,2
25,2
64,1
53,2
54,1
73,2
250,11
87,1
69,2
59,1
147,1
99,2
80,2
56,1
67,3
367,5
40,1
46,1
42,1
28,1
136,2
190,2
136,1
143,5
84,2
55,1
236,1
66,1
564,13
92,3
136,1
94,3
276,2
409,3
138,1
82,1
58,1
70,2
246,6
75,1
78,2
137,2
77,2
61,1
69,1
58,2
111,3
418,2
77,1
62,2
44,1
66,1
310,4
99,1
174,3
117,4
56,7
137,1
79,1
157,4
89,2
196,2
207,3
177,1
197,4
83,3
261,6
41,1
100,2
58,1
216,21
102,2
1648,94
64,1
90,3
82,2
115,2
36,2
182,2
33,1
212,5
237,2
61,1
107,3
140,4
200,5
46,3
120,2
94,3
168,1
84,2
53,1
109,1
112,2
115,4
184,4
110,2
83,2
94,3
193,4
154,10
66,2
113,1
36,1
76,1
203,2
442,1
170,4
172,1
30,1
577,4
72,1
85,3
123,1
159,2
98,1
65,2
141,1
667,6
65,2
190,5
264,2
337,2
109,3
174,1
46,2
332,8
162,2
115,1
80,2
184,2
389,2
65,1
89,1
62,1
142,2
53,1
280,5
279,2
72,2
655,9
159,2
120,2
117,1
134,4
48,2
516,5
155,2
416,3
51,2
329,2
240,3
601,7
121,1
114,1
78,1
118,3
66,2
98,4
213,1
140,5
191,1
72,2
799,11
31,1
143,4
411,2
429,6
135,2
98,1
76,1
82,2
63,1
139,1
131,1
79,1
135,5
56,1
88,1
121,2
68,2
240,8
95,3
85,2
128,2
67,2
50,2
52,0
100,2
93,3
107,3
217,2
97,3
80,1
52,1
82,1
140,3
312,5
485,1
118,3
59,2
109,1
142,3
64,2
87,2
71,2
209,1
184,1
206,1
173,2
144,1
118,4
495,1
45,1
40,2
74,3
67,2
122,2
219,2
275,4
94,2
54,1
108,2
91,1
768,7
118,6
15,1
43,2
171,1
134,3
69,1
111,3
164,3
71,3
71,1
106,1
144,2
415,8
71,1
215,5
131,2
254,4
2063,6
53,2
81,1
43,1
401,8
264,5
114,1
64,2
486,2
62,1
52,1
110,3
167,3
34,2
123,3
373,10
53,1
62,1
177,1
74,2
140,1
82,2
681,9
231,6
73,1
117,2
116,4
117,2
258,5
54,1
94,2
125,2
67,2
134,2
75,1
121,1
235,4
828,16
58,2
88,2
100,1
65,1
89,1
205,1
104,3
67,3
105,4
59,1
68,1
71,2
80,2
375,4
50,1
92,2
200,3
84,1
132,3
117,1
111,3
95,2
115,10
31,1
161,1
45,1
117,2
35,1
75,2
87,4
135,5
79,2
408,4
74,1
966,12
101,1
98,1
124,2
169,4
106,1
288,7
73,2
177,5
141,2
76,1
79,4
163,8
57,2
118,3
122,1
33,2
194,3
63,1
130,1
76,2
78,2
121,14
28,1
250,1
70,1
200,1
178,2
114,3
59,1
315,7
149,5
447,4
34,1
370,3
73,2
145,1
60,1
191,2
58,1
60,1
580,8
565,5
106,3
85,2
144,6
129,3
51,2
68,1
245,6
103,2
72,2
65,1
216,3
452,7
69,3
68,1
4493,38
47,1
212,4
87,2
66,1
131,2
58,2
423,4
61,2
54,1
174,3
84,1
89,1
152,4
72,5
143,6
44,2
48,1
216,2
51,1
242,1
269,2
1340,22
195,5
151,4
81,2
142,6
139,2
104,7
43,2
115,2
139,2
98,2
117,4
119,5
65,3
165,1
207,9
199,3
38,2
403,4
58,2
68,3
51,2
79,1
343,7
41,1
35,1
87,3
122,2
166,1
48,1
139,2
121,3
46,1
122,3
156,3
75,1
53,2
136,1
141,2
334,2
91,2
86,1
65,3
282,5
61,1
90,1
313,3
115,3
177,3
95,3
85,3
110,4
187,7
163,2
59,1
115,4
138,2
342,3
72,1
325,2
62,1
205,3
64,1
29,1
46,1
541,6
110,3
58,2
141,3
143,2
106,1
122,4
156,3
83,4
33,1
76,2
110,2
65,4
184,4
114,1
126,5
190,5
82,4
40,2
439,3
312,4
65,1
172,4
78,3
39,0
202,4
71,1
72,1
137,2
173,4
207,6
90,3
56,2
83,1
275,7
47,1
77,1
45,2
107,6
100,2
182,1
69,2
130,6
198,6
61,1
95,3
642,19
78,1
198,1
96,2
38,1
39,1
123,3
51,2
156,11
51,1
39,1
96,4
94,2
148,1
47,1
348,6
80,1
70,4
283,7
365,4
167,4
49,2
48,1
71,1
85,3
66,1
222,5
49,2
57,1
144,6
98,1
85,1
100,2
59,1
73,3
42,3
26,1
31,5
78,3
130,3
162,5
81,3
28,1
62,4
37,1
54,2
59,1
351,2
55,2
1130,1
316,5
53,1
39,1
176,4
61,1
70,1
3323,38
349,4
52,1
79,2
169,1
127,4
38,1
254,3
114,2
70,1
60,2
90,2
69,6
47,3
54,3
149,3
260,3
616,2
103,2
75,2
55,1
114,3
82,1
41,1
66,1
69,1
56,3
65,1
47,1
73,1
55,3
119,3
110,4
217,3
38,2
94,1
460,5
297,2
90,2
116,3
38,2
47,2
66,1
272,2
196,3
74,2
117,1
69,1
279,8
84,3
79,3
97,4
79,1
133,2
140,2
54,2
71,3
174,2
60,1
156,6
247,1
229,5
124,3
198,4
478,2
152,3
71,1
131,2
144,6
115,3
102,3
70,1
94,2
136,3
96,1
217,4
136,1
308,1
107,10
92,4
299,10
147,4
54,2
187,3
230,5
93,1
237,2
646,15
73,1
41,1
306,4
54,2
622,5
84,4
84,1
141,1
74,1
204,1
98,1
31,1
46,1
114,2
94,4
147,2
149,4
85,2
70,1
251,1
58,1
73,2
65,2
54,1
129,2
69,2
49,2
135,5
162,3
88,1
421,7
48,2
120,1
89,3
108,5
296,3
92,1
69,5
111,6
108,2
3099,6
182,1
145,1
133,2
51,2
48,1
121,3
59,1
84,3
117,3
109,5
61,3
80,2
28372,41
69,3
92,3
189,3
68,1
234,5
85,3
166,2
229,2
195,2
108,3
142,2
99,4
59,3
96,2
35,2
48,1
108,2
53,2
59,2
65,2
56,1
189,2
60,1
74,2
195,3
218,5
179,3
73,1
52,1
161,3
53,2
62,2
777,8
90,5
90,2
27,1
67,1
2145,18
218,3
85,3
138,4
54,1
474,9
86,1
88,2
56,2
67,2
30,2
34,4
130,2
64,4
173,2
561,8
75,3
109,4
57,1
77,2
38,1
65,3
50,4
129,3
359,3
105,2
58,5
49,9
65,6
82,16
113,11
104,1
199,2
48,1
382,1
263,4
141,6
51,4
112,3
550,2
114,2
101,2
97,7
73,1
48,1
44,2
69,2
38,1
32,2
264,5
53,2
176,3
1236,31
135,4
83,2
63,3
84,3
90,2
78,1
86,1
88,2
59,2
98,2
102,2
65,2
270,3
127,3
84,4
139,2
87,3
46,1
61,1
64,1
34,1
122,3
123,2
126,2
198,5
141,1
61,2
108,5
148,4
112,5
111,3
320,5
105,3
226,6
91,2
149,5
99,2
136,4
44,2
482,6
95,2
101,3
305,3
43,2
66,1
59,2
253,3
483,9
126,1
222,8
44,1
674,11
78,1
38,1
149,2
154,3
81,1
51,1
35,2
101,2
68,1
162,6
161,1
71,1
140,4
174,5
191,6
149,3
41,1
27,1
48,2
54,1
229,4
119,3
63,2
163,1
32,1
81,5
165,2
50,1
57,0
106,1
162,6
130,3
260,2
46,1
151,2
166,2
59,1
78,1
79,1
315,3
63,3
108,1
100,3
148,3
71,3
275,6
159,2
58,1
67,1
186,6
121,4
75,2
36,5
27,4
21,4
54,1
46,1
65,1
111,6
106,3
122,1
109,1
77,5
121,2
118,5
48,1
123,2
124,1
77,1
157,2
84,1
137,3
71,1
111,3
80,1
151,3
61,2
94,2
119,3
67,1
87,2
46,1
67,3
97,2
155,3
395,3
1870,1
51,2
74,1
101,1
47,2
760,9
115,2
72,1
134,4
55,1
36,2
55,2
80,1
99,2
83,1
122,2
178,2
109,1
51,1
236,4
184,5
328,0
147,3
308,1
78,2
338,1
143,4
213,1
67,1
79,2
130,2
74,2
44,1
92,2
109,5
39,1
52,2
222,3
60,2
408,6
51,1
63,2
75,4
58,1
101,1
177,2
77,2
56,2
282,1
134,2
126,6
243,5
187,2
49,2
155,2
166,2
42,1
68,3
71,3
80,1
39,1
65,1
69,2
100,1
73,3
61,1
39,1
47,1
131,1
70,2
114,1
79,3
48,1
68,2
162,4
113,3
101,1
65,1
127,1
140,2
138,3
62,2
151,2
60,1
211,0
45,1
63,2
80,1
33,1
35,1
96,1
119,1
42,1
256,2
39,1
159,3
171,3
102,3
58,0
65,1
161,2
81,2
277,3
90,2
32,1
148,2
199,3
63,1
41,1
78,2
57,3
62,2
54,1
216,3
95,3
91,1
234,7
88,5
67,2
94,2
124,3
64,2
72,3
113,3
47,1
259,3
46,2
109,2
2546,3
66,1
115,4
66,2
117,1
99,1
33,2
68,1
79,5
97,2
108,1
80,1
87,1
82,1
115,2
90,1
52,1
63,2
132,4
270,4
34,1
40,1
171,1
107,4
175,3
244,2
68,1
82,1
59,2
115,4
41,1
181,4
163,6
23,1
33,1
66,1
380,4
239,6
163,5
189,1
262,4
78,1
91,3
47,2
136,2
116,1
86,5
40,1
91,2
175,3
405,11
110,2
56,2
268,10
184,6
186,8
138,4
33,1
52,4
44,1
39,1
183,1
74,1
134,2
134,3
63,1
87,2
63,1
70,1
55,2
119,5
92,1
86,2
278,1
65,2
30,1
61,1
850,14
63,2
105,3
199,2
138,3
58,3
70,3
64,3
119,5
169,1
84,1
78,2
64,2
86,1
57,1
127,3
142,3
89,0
90,5
206,3
230,5
139,1
114,2
170,2
93,1
297,5
133,4
60,2
123,6
37,0
85,1
119,2
551,10
786,4
80,3
110,3
89,5
193,1
152,1
98,3
80,1
371,4
98,2
64,2
258,4
154,1
67,2
158,6
74,2
131,5
321,4
158,1
115,2
125,2
224,2
123,1
163,3
118,4
108,5
41,1
291,5
91,4
87,0
117,2
106,3
80,1
51,2
167,4
97,2
97,5
181,1
131,2
102,3
133,2
61,0
72,1
160,6
154,5
68,2
93,3
214,1
148,6
61,1
47,1
65,3
874,12
206,2
76,2
97,2
380,1
58,1
93,1
160,5
67,1
81,1
66,3
36,1
103,2
42,1
46,1
59,2
57,2
43,2
56,1
47,1
62,3
155,6
122,3
163,5
334,4
64,1
73,2
75,2
174,5
91,5
82,2
99,5
47,2
113,1
133,5
66,2
170,12
72,1
266,4
93,1
230,2
213,5
145,2
270,4
50,1
31,1
69,2
82,2
192,4
106,2
133,3
502,4
205,2
202,3
123,4
153,6
62,1
159,4
118,2
191,1
133,4
60,2
124,1
121,1
127,3
143,3
346,8
67,4
106,1
92,1
302,3
96,2
66,1
51,1
75,1
52,1
85,4
160,3
107,2
78,2
109,1
43,1
160,4
29,2
39,1
147,5
172,3
95,3
66,5
166,5
66,2
115,3
382,3
704,1
60,2
43,3
59,4
67,4
73,1
47,2
83,1
129,1
62,2
113,3
151,3
84,1
58,2
34,2
42,1
27,1
281,6
148,2
145,2
53,2
546,4
79,1
221,3
86,1
175,3
129,3
80,2
86,2
57,1
364,7
54,1
115,1
88,1
40,2
52,2
57,3
41,1
62,1
85,1
29,1
199,1
205,4
63,1
95,2
46,3
153,2
108,3
72,1
85,2
212,2
28,1
68,4
103,3
187,3
121,1
277,3
156,5
207,3
642,6
64,1
208,2
46,1
60,2
98,2
82,2
134,2
121,4
72,3
146,4
63,2
361,3
52,1
50,1
64,1
22,1
116,1
42,1
118,1
208,4
173,4
467,11
94,2
252,4
68,1
146,1
178,2
215,4
129,1
78,1
174,5
61,1
275,5
65,2
199,3
58,1
161,2
59,1
43,1
138,3
72,1
54,1
39,2
123,3
166,2
81,1
86,2
42,1
73,1
97,2
108,2
135,2
60,1
84,1
169,3
107,1
92,2
82,2
190,3
103,1
80,1
97,2
214,4
445,8
82,2
78,2
154,3
150,3
126,2
130,2
129,1
85,3
180,6
94,1
114,3
75,3
174,5
177,5
150,4
142,2
97,1
169,3
60,2
111,2
89,1
149,1
144,2
93,1
68,3
235,3
109,2
121,2
66,2
121,1
45,0
131,1
55,1
125,1
63,2
208,4
90,5
95,1
91,3
67,6
67,2
78,1
279,3
66,1
65,5
80,1
59,2
83,2
100,1
46,1
614,8
247,2
190,2
72,2
216,2
105,5
226,4
213,3
79,1
70,1
77,2
26,2
88,2
95,3
50,2
153,3
179,5
143,3
53,1
121,3
95,4
316,2
79,3
27,1
80,1
52,1
370,6
114,3
124,1
82,2
79,2
50,1
102,4
105,1
138,2
63,1
76,2
71,3
115,2
31,1
62,2
95,4
109,1
89,1
100,2
54,1
392,2
86,1
58,1
1202,9
95,5
246,7
112,6
105,3
30,1
96,2
211,5
103,1
156,2
19,1
79,2
141,1
99,4
35,3
149,1
62,1
249,5
193,0
105,5
96,2
152,3
95,1
45,1
43,1
87,2
197,7
75,1
216,1
71,1
112,1
58,1
80,2
99,2
37,1
86,3
123,3
41,1
121,3
123,1
60,1
70,3
85,2
103,2
67,1
163,4
144,3
264,3
150,5
134,3
104,1
91,1
43,1
50,1
285,2
119,4
34,1
74,1
65,2
76,3
205,10
182,4
48,1
103,3
107,4
91,2
99,2
119,4
110,2
49,2
607,8
75,3
39,2
58,1
263,2
159,4
58,1
69,1
58,1
53,2
33,2
48,1
155,2
67,2
100,4
54,2
92,2
40,1
133,2
328,8
56,1
132,1
54,1
47,2
110,7
221,2
109,1
110,1
81,2
42,2
63,2
80,1
55,1
94,3
81,3
1595,2
131,3
116,3
32,3
142,3
78,1
54,1
84,3
137,2
146,5
224,7
96,4
84,3
189,1
130,1
72,1
84,2
116,4
283,2
109,2
120,2
60,1
248,6
110,2
57,1
43,1
104,2
66,1
64,3
219,3
115,1
129,3
56,2
148,4
3034,38
132,1
59,2
92,2
76,1
181,5
26,1
125,1
72,1
135,4
71,1
168,2
175,4
82,2
87,1
269,4
77,2
114,1
173,2
140,2
81,2
204,3
195,4
81,1
210,6
156,1
44,1
110,2
114,2
140,2
174,3
138,4
161,6
191,2
93,1
68,3
92,1
65,1
97,4
87,1
71,3
59,4
140,4
52,1
134,2
37,2
107,2
22,2
178,5
128,2
131,1
192,3
210,2
188,2
97,1
74,2
120,1
39,1
166,4
85,1
107,2
68,1
70,1
147,3
118,3
73,3
65,2
443,7
62,2
787,6
34,1
40,1
33,2
92,1
294,6
47,2
61,1
91,3
139,1
90,2
22,1
159,4
167,4
39,1
49,1
40,1
60,1
157,4
696,4
82,2
35,2
80,2
43,1
121,1
277,6
91,2
245,6
51,3
625,14
40,1
124,4
33,2
36,2
69,1
185,2
49,1
171,3
136,1
327,3
43,2
68,1
133,3
202,2
68,3
71,2
201,4
101,3
1099,22
71,3
223,2
49,1
101,2
383,7
82,2
74,1
55,2
162,1
72,1
81,1
98,4
171,5
241,3
320,6
262,3
77,2
100,2
137,1
121,0
206,2
151,4
56,1
72,1
359,8
109,2
293,4
68,2
115,2
191,5
1132,16
55,2
71,1
499,9
17,2
221,4
87,2
63,4
70,3
74,4
31,1
99,2
53,1
115,2
46,2
296,5
57,1
232,2
64,1
83,2
195,7
2813,17
80,1
278,6
297,7
1806,5
199,2
48,1
335,9
133,6
252,7
45,2
78,2
110,1
65,3
30,1
231,5
4694,5
64,1
65,1
30,1
61,2
969,1
236,1
263,2
46,1
190,3
117,4
397,7
48,2
151,1
390,1
67,2
66,1
89,2
92,2
51,1
102,1
80,3
104,2
960,39
80,3
48,2
211,3
98,1
37,1
188,2
88,1
254,3
186,9
100,3
142,4
199,1
104,3
40,1
392,4
81,2
70,2
76,3
115,1
128,3
130,2
178,2
147,4
77,1
68,1
82,1
66,0
57,1
64,1
99,4
88,3
81,4
106,3
64,4
90,2
204,4
155,7
55,1
47,1
70,1
47,3
194,2
89,1
90,1
187,2
159,5
47,2
56,1
72,2
229,5
116,3
63,1
168,4
105,1
69,2
79,2
117,2
187,4
193,5
190,2
84,2
56,1
161,3
58,1
92,1
95,3
147,4
56,1
80,3
111,1
98,0
239,1
391,6
64,2
44,1
192,3
57,0
154,1
145,4
71,1
438,5
93,1
122,3
42,1
103,1
152,3
101,5
201,1
82,2
63,2
70,1
357,6
124,3
179,4
88,2
91,2
96,1
138,1
114,1
98,3
49,2
54,1
81,3
72,2
110,1
177,6
75,1
65,2
122,2
98,2
175,3
77,3
46,1
72,1
91,4
117,1
65,0
196,6
167,1
74,9
218,2
53,1
104,3
121,2
226,2
27,1
51,1
210,4
92,4
179,1
585,9
40,1
119,3
112,2
70,2
118,3
151,4
443,3
138,1
62,2
179,6
114,3
54,1
247,7
31,2
106,0
78,0
113,2
1843,9
73,2
74,4
284,6
61,3
122,3
60,1
49,2
55,1
82,2
89,2
64,1
45,1
211,2
38,1
153,5
142,1
129,3
224,2
81,1
155,4
56,1
146,1
62,1
133,2
28,1
31,1
52,2
60,1
460,14
169,1
126,2
433,5
26,1
69,1
175,6
538,1
106,2
467,9
82,2
56,2
153,4
214,7
70,1
74,2
30,1
41,1
45,1
98,2
60,1
98,1
56,1
151,3
42,2
157,4
109,2
142,1
29,0
94,5
39,1
103,2
42,1
55,1
178,2
117,3
322,1
153,2
54,1
889,10
133,1
53,1
72,2
60,1
76,1
216,2
84,3
217,4
218,2
63,3
123,3
333,5
81,1
50,2
78,5
151,5
62,2
82,1
99,1
142,1
97,2
254,2
96,2
172,4
51,1
79,2
589,8
57,6
135,3
74,1
86,3
218,4
64,1
166,1
244,2
91,1
312,3
87,2
62,3
168,2
198,3
102,3
200,5
48,2
1299,13
102,5
698,3
88,1
64,2
399,5
78,2
59,1
93,2
122,4
131,1
106,3
93,2
91,2
51,1
52,1
42,2
56,4
66,2
63,1
581,8
66,2
72,2
232,5
170,7
214,2
57,1
75,2
57,1
56,2
124,6
643,5
570,9
410,10
115,1
101,1
672,3
279,2
119,10
59,1
152,3
139,1
90,2
122,1
51,3
159,1
62,1
213,5
76,1
88,1
176,2
204,1
419,2
433,4
104,2
378,4
71,4
156,1
359,5
203,5
158,2
44,1
44,1
342,8
106,2
73,2
109,1
47,2
153,2
111,2
165,3
198,2
79,1
2837,15
180,9
63,2
317,1
259,11
74,2
109,3
60,1
505,4
46,1
244,3
75,3
287,4
73,1
46,1
62,1
95,2
124,4
421,7
50,1
106,2
101,1
319,5
79,1
186,3
78,2
513,2
85,1
103,2
154,4
48,2
72,1
276,4
68,3
56,1
141,2
395,11
149,6
122,1
51,2
166,4
119,4
38,1
123,1
223,7
345,3
42,1
43,1
89,1
174,4
44,1
159,2
118,1
110,3
91,3
86,1
95,3
158,3
63,1
52,1
85,1
206,3
107,6
185,3
56,1
100,3
104,1
199,2
140,3
51,1
69,3
61,4
232,6
148,1
41,1
205,2
93,1
60,2
48,2
96,2
121,1
58,1
156,2
52,2
38,1
72,2
48,3
99,2
67,4
169,4
391,7
257,2
85,3
66,1
41,1
101,1
57,1
42,1
71,1
172,2
47,2
100,3
70,1
60,3
78,4
86,2
46,2
43,3
132,1
161,5
71,3
65,1
74,1
237,2
177,3
46,2
45,1
111,4
83,1
242,8
80,1
81,3
1018,12
193,6
166,2
162,3
126,1
67,2
36,1
66,2
95,2
45,3
320,6
159,5
197,5
103,2
94,1
225,1
76,1
60,2
213,1
249,2
186,3
202,7
44,4
120,4
123,5
69,1
246,6
236,3
117,1
65,1
94,5
170,4
407,6
50,2
22,1
20,1
55,2
78,2
53,1
52,0
133,3
94,1
97,1
251,2
97,2
262,6
87,3
17,1
125,3
89,2
56,2
145,3
97,2
348,3
299,10
263,5
42,1
54,0
234,8
76,1
169,3
100,3
360,1
539,4
112,4
57,1
84,2
39,3
156,1
76,1
136,1
119,3
33,3
102,3
240,4
58,3
241,4
76,4
12,1
74,1
185,7
55,3
46,3
44,1
73,1
113,4
39,1
49,2
300,3
55,3
66,2
106,5
40,1
103,1
124,3
52,3
114,1
96,2
102,3
177,3
90,1
110,2
46,1
52,1
213,1
202,1
120,3
209,1
55,1
60,2
77,4
69,3
64,1
67,2
141,6
91,1
172,7
92,2
69,1
219,4
91,3
119,2
55,2
602,5
62,1
82,2
96,3
85,2
116,1
185,8
258,9
157,1
138,1
118,5
217,1
87,3
309,7
610,10
351,1
86,1
45,2
158,2
652,13
127,4
71,1
46,3
209,3
96,4
55,3
228,6
38,1
50,3
161,1
91,4
133,2
164,2
86,1
91,1
144,4
57,1
222,2
59,2
50,1
284,3
152,4
117,2
46,1
242,5
290,6
49,1
116,1
72,2
42,1
213,3
90,1
133,3
31,2
64,2
133,4
44,1
136,2
89,7
204,4
146,1
435,17
97,1
111,1
418,3
82,3
157,4
391,9
184,6
257,4
328,4
75,2
56,1
119,2
100,3
99,1
68,2
97,3
113,1
70,1
137,2
94,4
44,1
111,2
463,8
33,1
252,1
5307,107
74,2
42,1
242,4
173,2
36,1
89,4
198,4
49,1
153,6
101,2
184,4
67,1
297,5
101,2
165,4
37,2
64,5
314,4
99,1
123,1
209,6
227,4
46,1
116,2
375,5
94,2
208,5
179,1
117,2
77,2
90,2
78,3
111,4
110,1
31,2
45,1
88,1
144,3
47,1
185,2
103,2
75,1
879,26
171,4
63,4
125,3
129,2
49,4
86,3
36,1
56,2
69,1
168,4
117,3
147,4
981,12
91,1
37,2
59,1
200,3
38,1
303,15
244,3
242,2
130,1
72,3
119,2
87,1
41,1
77,1
366,4
125,3
80,2
57,1
83,1
54,3
40,1
101,1
48,1
70,2
1251,3
463,4
66,2
153,3
76,3
107,3
89,5
119,2
56,3
212,4
49,1
58,1
29,1
41,2
263,8
172,1
66,3
66,1
77,3
150,2
256,5
49,3
178,1
299,27
238,2
65,1
48,2
206,4
180,7
39,1
102,2
158,5
58,1
673,4
83,1
59,3
182,4
151,2
93,3
41,2
32,1
166,5
99,3
853,14
28,1
462,8
67,1
63,1
173,1
89,1
59,1
163,3
166,6
178,3
105,3
1754,18
121,1
102,4
29,1
93,1
121,1
187,3
51,2
80,1
43,1
109,1
39,1
66,2
77,2
38,1
74,1
134,3
56,1
34,1
64,3
60,1
65,2
182,2
97,1
44,0
94,1
68,1
80,3
60,1
152,3
176,6
44,1
332,9
63,2
47,1
53,1
229,4
44,1
54,2
46,2
55,1
67,2
84,2
102,2
36,1
80,1
73,1
48,2
117,1
89,2
102,1
867,5
87,2
44,1
136,3
85,1
75,3
94,3
247,6
225,1
434,6
129,2
39,1
87,3
143,2
90,2
198,2
46,1
67,2
296,3
72,2
58,1
50,1
342,3
184,1
64,2
14,1
168,4
93,3
57,1
32,1
90,2
37,1
205,2
86,4
89,5
92,1
172,1
60,1
22,1
442,8
114,6
53,1
160,5
249,2
40,3
110,1
73,3
21,1
61,2
81,1
185,7
63,3
197,4
86,2
51,2
47,1
25,1
1928,31
137,1
158,4
150,2
35,1
94,3
120,1
43,1
227,3
88,2
62,1
64,1
73,1
40,2
107,4
39,5
37,5
42,4
70,3
48,3
100,2
442,13
163,1
86,3
95,2
618,14
305,1
91,4
176,4
74,0
135,3
205,4
68,1
42,1
148,5
24,0
42,1
42,2
61,1
110,1
156,3
72,1
92,1
87,2
182,2
171,3
369,3
257,2
35,1
187,2
107,3
77,1
113,1
30,1
98,3
53,1
58,2
35,1
186,1
140,2
167,4
96,1
249,5
125,2
57,1
42,1
98,1
83,1
74,1
83,1
363,5
45,1
158,5
94,3
30,1
73,3
62,1
789,4
41,2
165,3
179,3
150,3
106,3
298,2
55,1
85,1
297,6
77,1
77,2
89,1
92,1
217,3
128,6
51,1
76,5
37,1
79,5
54,3
111,1
116,1
107,2
168,3
186,2
34,1
153,7
104,2
55,2
46,1
189,3
53,1
129,4
148,3
97,1
77,2
106,1
83,2
37,1
69,1
1037,12
71,1
77,2
36,1
107,3
78,1
126,2
57,3
23,1
19,1
264,1
92,1
95,5
40,3
116,5
55,2
100,2
112,2
82,2
124,3
100,2
53,2
120,3
66,1
158,2
229,6
36,1
207,2
97,2
327,2
52,2
171,4
57,4
35,1
129,3
48,2
94,1
153,5
68,3
285,4
282,4
100,2
46,1
56,2
84,1
121,2
67,2
42,3
111,1
84,5
58,1
358,7
97,2
44,1
180,1
146,3
70,1
92,1
35,1
69,1
73,2
67,2
68,1
205,1
169,2
97,2
52,1
70,1
264,6
99,2
63,2
63,1
177,2
150,2
67,2
66,1
79,2
86,2
32,1
86,1
122,3
80,1
57,2
70,2
92,1
43,1
246,3
74,1
48,1
38,1
58,1
44,2
223,4
156,1
317,8
53,1
58,1
177,3
35,1
92,4
82,2
96,4
114,4
85,2
89,5
65,1
83,3
51,1
148,5
186,4
87,1
43,2
35,1
140,1
113,1
195,3
83,1
79,3
93,1
62,2
109,1
79,2
55,1
185,1
85,2
51,1
208,1
126,2
519,8
142,2
171,5
63,1
285,9
41,1
51,1
92,3
63,1
214,5
111,4
49,1
65,4
174,5
37,2
85,2
57,1
61,2
98,1
37,1
125,2
61,2
75,1
37,1
162,1
46,3
51,2
65,1
118,3
40,1
130,1
120,2
93,1
91,5
150,3
56,2
73,3
121,5
62,1
170,4
51,1
51,1
182,4
139,1
52,1
56,2
102,3
71,1
140,2
236,5
48,2
55,2
83,2
198,3
295,3
126,3
58,2
131,1
118,1
212,0
45,1
196,3
163,5
88,1
114,1
148,2
36,1
257,1
89,4
128,4
68,1
125,2
126,2
94,1
85,2
173,4
45,1
148,2
616,5
52,1
167,3
55,2
114,1
89,2
155,1
66,1
51,2
55,1
54,1
37,1
52,1
69,2
116,3
47,2
55,1
57,3
175,3
110,1
96,1
40,2
25,1
331,10
71,3
61,1
65,1
94,3
79,2
378,10
180,1
591,3
66,1
85,2
82,2
55,2
86,1
21,1
155,1
189,3
33,1
96,1
78,1
71,1
74,2
91,4
102,2
43,1
1008,15
125,4
58,2
88,1
42,1
87,5
62,1
55,1
89,3
36,1
26,1
133,6
47,1
46,1
78,2
70,2
67,2
66,0
112,3
40,1
62,1
207,3
127,2
305,3
168,3
30,1
25,1
133,2
58,1
136,2
149,2
497,6
109,1
187,1
87,1
1436,14
43,2
95,2
50,2
184,3
30,1
102,2
207,3
72,1
338,2
83,0
18,1
26,2
137,6
38,1
43,0
86,2
91,2
45,2
58,1
30,1
124,3
273,5
115,4
66,1
111,2
64,2
55,3
56,2
112,2
55,1
241,5
41,2
71,2
147,3
16,1
13,1
345,4
74,2
167,2
43,1
88,2
201,3
83,1
54,1
36,1
112,2
68,1
78,3
31,2
62,1
44,2
70,3
71,2
29,0
443,9
185,4
92,1
149,4
110,3
137,1
42,1
52,2
104,1
84,1
76,2
1453,2
28,1
43,1
33,2
93,3
129,2
251,4
55,2
109,3
369,1
278,12
190,6
84,1
111,3
56,2
141,1
52,1
75,1
94,3
31,1
81,3
49,2
140,4
255,3
162,2
87,1
74,3
94,2
132,5
62,4
562,7
2290,17
59,1
55,2
52,1
197,3
117,2
130,2
40,2
42,1
40,1
25,1
98,1
45,0
97,2
200,1
84,1
72,3
298,2
28,2
362,13
535,6
41,1
108,2
27,2
43,0
169,4
121,3
86,2
32,1
95,3
64,1
131,4
98,2
65,2
105,3
46,2
47,1
48,0
160,3
25,1
151,3
217,4
63,2
46,1
100,2
131,2
115,1
101,1
57,1
184,2
70,1
85,2
146,3
266,9
111,1
85,2
61,1
198,4
49,2
76,1
95,2
157,4
42,0
26,1
49,1
368,8
112,2
119,2
37,1
140,2
119,5
77,1
65,2
85,1
542,6
221,4
107,2
73,2
186,2
26,1
243,4
254,4
31,2
340,7
50,1
139,2
88,2
80,1
315,6
691,10
104,3
95,2
40,1
81,1
23,1
27,1
123,2
46,1
47,1
170,3
86,2
51,1
48,1
190,2
131,5
162,4
199,4
110,1
69,2
61,3
90,1
228,6
133,2
87,1
1023,13
135,2
41,1
73,1
44,1
210,2
42,1
98,3
117,5
242,2
47,1
210,5
24,1
86,2
123,6
50,1
18,1
92,1
98,2
178,3
59,0
191,7
61,1
44,1
235,3
141,2
47,1
28,1
82,2
77,2
65,2
97,4
164,2
61,2
127,6
62,2
116,3
101,1
32,1
41,1
38,1
83,1
101,2
275,6
168,1
119,3
42,1
175,3
60,2
45,1
205,2
51,1
103,3
100,1
129,1
57,1
57,1
89,2
85,1
184,4
107,3
41,1
84,1
51,1
43,2
78,1
151,2
42,2
39,1
73,1
76,2
684,14
275,2
99,2
94,1
215,5
150,2
86,2
78,1
91,6
112,2
248,5
42,2
44,2
69,1
67,1
47,1
166,4
606,19
60,1
65,2
181,4
183,2
88,3
136,5
21,1
139,3
129,3
356,1
91,1
52,1
119,5
122,5
134,3
165,3
79,1
56,1
46,1
57,1
263,4
109,1
45,1
89,2
89,4
71,1
89,1
21,1
50,1
115,4
816,18
137,3
127,2
31,1
111,2
36,1
73,2
96,1
100,2
90,1
62,1
88,1
279,2
100,4
45,1
146,2
53,3
89,3
140,2
225,1
133,5
410,6
134,1
74,2
57,3
108,3
66,1
85,2
94,2
184,3
64,1
129,3
67,1
68,1
47,2
62,2
120,2
212,3
78,3
81,2
133,6
117,4
118,3
53,1
120,3
55,1
55,1
65,3
78,3
56,1
42,1
98,1
126,2
37,1
67,2
36,1
41,2
206,2
38,1
127,4
55,2
47,2
115,1
45,1
111,2
546,6
341,10
82,2
25,1
70,1
54,1
47,1
85,1
50,2
54,1
52,0
40,1
29,1
87,2
183,1
96,5
87,1
60,1
303,5
1571,1
29,2
188,6
159,1
15,1
52,1
52,1
113,2
48,2
303,2
309,2
120,3
123,3
21,1
112,2
157,5
47,1
54,2
65,1
73,3
334,7
50,1
143,2
112,1
80,1
77,1
72,1
323,4
109,5
43,2
61,1
25,1
53,1
44,1
64,1
157,4
68,2
141,2
40,1
63,1
44,2
355,4
77,1
70,2
77,1
70,1
61,2
68,1
39,1
74,2
538,8
87,2
151,2
30,1
68,3
125,1
63,1
121,2
78,3
88,1
140,2
68,2
125,3
143,4
85,1
65,1
56,2
120,1
46,1
44,1
41,1
58,3
58,1
91,2
66,1
29,1
47,1
231,4
229,4
23,1
185,1
61,1
38,1
39,2
79,1
90,2
285,1
52,1
90,1
19,1
44,1
55,1
70,3
101,2
74,4
89,1
347,4
28,1
145,3
123,4
119,1
93,1
52,2
145,3
66,3
46,1
73,4
52,1
43,1
501,8
263,5
26,2
56,1
58,1
26,3
44,2
179,4
83,3
128,1
31,1
58,1
57,2
172,4
186,1
78,2
55,1
20,1
320,3
54,2
105,2
41,2
25,1
90,2
153,2
49,0
418,4
43,2
350,7
66,1
68,1
52,2
596,10
114,1
41,1
233,4
73,2
70,1
78,1
122,2
829,14
72,1
38,2
28,1
69,4
86,2
87,3
37,1
167,5
284,9
99,1
175,4
208,5
152,3
153,4
112,2
53,2
61,3
194,3
149,2
79,2
354,5
102,1
76,2
25,1
103,3
73,1
40,1
57,1
94,2
100,2
30,1
145,2
34,1
58,1
28,1
220,2
36,1
142,2
99,1
176,8
77,1
65,1
48,1
152,1
80,3
65,3
137,1
175,2
28,2
309,1
32,1
172,5
66,2
30,2
114,2
153,4
39,0
42,1
100,5
135,1
116,1
66,1
61,1
42,1
129,2
120,1
155,3
67,1
55,1
57,2
50,1
138,4
28,2
44,1
45,1
340,6
57,1
473,9
67,1
404,7
45,2
90,2
67,1
79,1
37,2
102,1
37,1
217,3
47,1
147,2
50,1
142,3
86,2
114,4
48,1
108,3
104,1
56,4
52,1
71,2
114,2
120,3
39,1
18,1
70,3
94,2
71,1
12,1
549,5
59,3
49,3
82,1
58,2
103,1
120,1
109,1
632,8
33,1
41,1
68,1
53,1
54,2
53,1
40,1
113,4
35,1
37,1
99,2
62,1
111,2
80,2
94,2
90,2
85,2
25,2
103,5
34,1
107,3
98,1
352,8
240,3
137,4
71,1
40,1
48,1
45,2
43,1
36,1
58,4
105,3
64,2
111,3
59,1
209,5
164,2
116,2
65,1
19,1
85,2
215,5
170,3
88,1
73,1
58,2
52,1
73,3
55,1
58,1
66,1
68,3
44,1
56,1
39,1
103,1
66,1
91,2
43,2
194,3
8619,35
100,2
40,1
79,1
88,1
54,4
48,1
33,1
33,0
62,2
71,1
45,1
224,2
61,1
252,5
38,2
26,1
41,1
38,2
128,1
52,1
225,5
79,1
342,2
44,1
216,6
65,1
94,4
93,2
86,2
128,1
56,5
68,3
73,1
101,3
24,1
59,2
113,1
57,1
132,2
94,1
104,1
143,2
35,1
85,2
74,2
87,1
55,2
56,1
61,1
36,1
75,1
27,1
53,2
251,6
76,2
105,3
100,1
123,2
75,0
95,1
38,2
129,1
54,1
97,1
67,0
114,2
52,1
106,1
54,1
413,5
69,2
91,1
57,2
41,1
119,1
81,1
88,5
13,3
88,4
104,2
41,1
142,2
80,1
114,5
937,5
18,1
55,1
282,3
91,1
140,4
11,1
46,1
60,3
86,1
33,1
80,1
174,1
15,1
314,4
104,1
33,1
47,2
224,1
64,1
82,2
390,6
108,4
70,3
279,5
504,5
97,2
58,0
55,1
70,2
49,1
32,1
250,4
81,1
189,9
83,1
105,1
132,2
226,2
44,1
100,1
454,1
55,5
1219,18
64,1
48,1
70,1
94,1
54,1
36,2
41,2
80,1
309,2
60,1
80,1
59,1
165,1
88,3
99,1
30,2
39,1
78,2
266,2
148,3
70,3
53,1
76,1
50,1
172,0
305,1
119,2
66,1
67,1
40,2
18,1
14,1
90,2
39,1
54,3
36,1
79,1
42,1
114,2
86,1
100,2
211,3
79,1
120,3
79,2
35,1
86,4
136,2
150,3
54,1
39,4
151,4
220,10
137,3
34,2
54,1
198,3
408,1
151,3
85,3
45,1
39,1
26,1
372,9
40,1
86,1
22,2
28,1
44,1
40,1
44,2
57,1
42,3
172,3
97,1
160,0
171,3
130,2
34,1
100,1
75,1
87,3
183,1
206,5
51,1
27,1
96,3
77,1
71,2
138,2
215,4
31,2
68,1
183,3
38,1
59,1
97,2
113,3
74,3
70,4
40,1
781,15
35,1
31,1
114,3
64,2
52,2
115,3
88,1
48,1
67,2
37,1
79,2
57,1
91,1
116,3
52,1
40,1
243,2
100,1
63,1
110,1
132,1
58,1
272,4
60,4
60,2
68,2
157,2
58,1
71,2
44,1
78,2
203,5
74,2
104,1
413,2
42,1
90,4
77,1
84,1
120,2
171,3
107,2
232,7
69,1
108,1
52,1
52,3
57,1
62,1
50,1
53,1
113,1
52,1
227,2
60,1
47,2
62,2
20,1
88,4
43,2
27,0
33,1
51,1
67,4
161,4
131,1
95,1
123,2
27,1
75,2
70,2
120,2
84,1
187,2
36,2
203,4
63,1
54,1
79,3
68,1
101,2
89,1
266,4
103,2
48,1
103,1
638,15
115,1
167,2
29,1
45,1
64,2
101,1
150,4
83,2
80,2
167,5
149,1
62,1
61,1
42,1
75,1
83,3
57,1
153,1
56,1
29,2
620,12
61,1
79,2
139,3
194,3
30,1
70,3
115,3
31,1
109,1
60,1
113,1
39,1
80,1
103,3
67,1
36,1
58,1
113,3
83,1
60,1
43,1
63,1
39,1
85,2
57,1
35,1
78,2
266,2
35,1
53,2
73,2
74,1
40,1
70,1
47,1
64,3
40,1
34,2
68,2
38,1
100,3
71,3
70,1
36,1
16,1
41,1
69,1
55,1
30,1
45,1
44,2
153,3
38,1
57,1
57,1
145,5
49,1
53,1
166,4
53,1
33,1
27,3
85,2
105,1
80,2
51,1
52,2
32,2
150,4
65,2
107,1
186,5
234,2
70,2
75,2
90,1
58,1
95,1
117,5
161,1
77,1
149,1
191,2
69,2
83,2
38,1
256,4
92,2
25,4
109,5
75,1
87,1
74,2
106,2
315,4
153,2
148,3
64,2
60,1
137,2
348,8
72,1
125,5
75,1
43,1
132,1
73,2
83,1
77,1
160,1
46,2
158,4
263,3
50,1
276,5
26,2
40,2
21,1
215,4
83,1
40,1
59,2
228,3
44,1
119,3
60,1
151,3
64,2
42,1
73,1
76,2
210,3
48,1
44,1
122,3
69,1
259,6
186,6
50,3
87,1
133,4
58,2
128,3
83,3
59,4
107,1
76,1
140,4
30,1
89,4
92,1
26,1
119,3
224,4
152,3
104,2
122,1
69,1
82,3
49,1
35,1
48,1
70,3
118,8
85,1
61,1
116,3
214,3
46,1
108,2
48,1
26,2
73,3
56,4
53,2
86,1
36,2
231,3
300,10
51,1
108,2
145,3
66,3
128,1
48,0
56,2
72,2
102,3
90,1
65,2
122,1
130,1
66,1
152,3
143,7
119,1
222,2
69,1
52,1
62,1
74,1
32,1
100,4
155,5
56,1
73,2
36,1
70,2
55,3
64,1
82,3
60,1
34,2
64,1
30,1
205,9
96,3
45,1
46,2
54,1
62,2
51,2
54,1
116,2
121,5
87,3
147,2
79,1
56,1
150,4
92,2
326,1
127,3
64,4
88,1
50,1
49,1
78,2
43,1
57,3
55,1
88,1
186,2
182,1
68,3
194,2
103,3
114,3
70,1
149,6
44,1
42,2
63,3
70,1
52,1
51,2
26,1
79,1
26,1
236,1
42,1
156,4
326,2
59,1
82,1
53,1
19,1
234,2
49,2
27,0
51,1
78,1
106,1
71,1
410,2
264,4
148,1
479,9
71,2
80,1
410,2
220,6
102,1
413,3
87,2
171,1
158,2
71,1
187,3
72,3
100,1
97,5
53,1
87,2
186,6
82,1
181,5
55,2
163,1
87,1
65,3
191,5
108,1
162,5
181,4
192,2
83,1
45,1
199,4
64,1
136,3
51,1
49,2
163,7
515,12
30,1
101,3
46,1
44,2
87,1
33,1
53,1
60,1
31,1
87,3
64,1
96,2
23,1
50,2
43,2
32,2
61,2
87,3
135,4
173,2
651,5
188,0
105,2
80,1
20,2
15,1
31,1
34,1
55,1
112,1
251,4
112,1
43,1
28,1
1193,6
26,1
352,4
94,3
139,1
72,1
94,1
90,1
40,2
178,3
80,4
81,1
88,2
145,2
95,1
81,1
70,1
67,1
68,2
76,2
27,1
105,2
41,1
90,2
70,2
26,1
164,8
103,5
29,1
42,1
27,1
62,1
67,2
81,3
114,1
96,3
83,2
61,1
93,1
281,7
36,1
36,1
80,1
30,1
71,1
33,1
18,2
35,1
491,8
104,1
120,2
151,4
37,2
26,1
148,1
42,1
95,1
93,2
57,2
44,1
66,1
105,2
67,1
136,1
49,1
93,4
229,2
293,5
81,3
56,3
105,1
109,3
100,1
65,1
57,1
36,1
45,2
74,1
98,2
101,3
111,2
57,2
499,4
67,1
45,1
81,2
38,1
75,1
99,3
186,5
34,1
64,2
27,1
129,3
22,1
117,2
71,1
81,3
34,1
178,2
80,3
80,2
46,2
68,3
352,8
84,1
53,3
96,3
172,3
71,1
46,2
129,2
52,1
35,1
58,1
57,1
94,2
37,1
56,1
115,2
104,1
638,11
44,2
62,2
22,1
57,1
261,7
61,1
64,1
55,1
96,1
732,8
290,2
254,6
140,2
61,1
91,1
73,1
42,2
81,1
358,4
61,1
61,2
22,1
67,1
57,1
61,1
246,6
68,1
40,2
64,2
36,1
77,3
30,1
2671,30
81,1
63,1
53,1
78,4
83,2
42,1
16,1
43,2
38,2
179,2
55,1
71,1
101,2
25,1
62,1
51,1
105,2
66,1
285,5
157,2
61,2
180,5
131,2
150,4
212,4
84,1
97,1
57,1
85,2
87,1
48,1
46,1
69,2
100,2
31,1
71,2
108,1
33,2
52,2
22,1
84,2
58,2
40,1
19,1
52,2
102,3
146,4
49,1
36,1
38,1
62,1
48,2
67,1
125,1
65,1
91,4
55,1
129,2
45,1
63,3
28,3
72,1
44,1
45,1
121,1
91,2
157,3
87,4
100,4
18,1
57,1
192,3
154,5
64,2
71,2
44,1
23,1
48,1
81,3
62,2
23,1
133,2
96,2
45,1
28,1
27,1
56,2
75,2
106,3
165,3
40,1
67,1
51,2
61,2
28,1
54,2
102,2
56,1
80,2
24,1
29,1
25,2
95,2
66,2
23,1
57,1
34,1
695,14
368,2
17,1
64,1
103,2
143,1
189,3
84,2
34,1
86,3
150,4
166,5
39,1
34,2
61,2
209,1
312,28
56,1
51,2
25,1
88,4
87,1
457,2
43,1
58,1
44,1
42,3
118,3
55,1
70,2
29,2
38,1
123,1
101,3
58,2
92,2
74,2
163,5
29,2
66,1
114,1
29,1
272,1
74,2
113,1
49,2
104,3
93,3
92,1
51,2
82,1
62,1
62,2
62,1
75,3
54,1
122,2
74,3
104,3
48,1
73,4
60,1
112,2
56,2
132,3
87,2
107,2
47,1
139,1
25,2
34,2
80,1
1415,12
106,2
39,1
71,1
53,1
126,1
59,1
75,1
46,1
143,2
272,1
83,3
43,1
32,2
163,3
40,1
33,1
45,1
62,1
74,1
94,2
142,1
35,2
73,1
66,1
60,2
54,2
41,1
89,1
42,2
48,2
15,1
24,2
20,4
134,3
33,1
79,1
168,2
79,3
88,1
79,1
72,1
36,1
116,1
74,1
218,2
26,1
75,2
94,2
108,2
70,1
117,1
127,2
46,1
64,1
31,1
46,4
70,3
61,1
76,1
81,2
153,2
74,2
112,1
63,1
87,4
79,1
72,2
67,1
60,3
84,1
68,2
88,4
65,4
109,1
96,3
172,3
48,2
57,2
92,1
70,2
60,2
38,1
100,4
142,2
58,2
41,1
118,4
66,2
571,6
94,1
109,1
73,1
68,1
153,1
103,4
61,2
39,2
37,1
129,1
101,2
37,1
45,1
62,1
103,3
106,3
136,3
415,4
307,4
66,1
55,1
222,2
113,3
85,2
100,4
44,1
101,1
41,1
267,2
52,3
142,1
96,2
129,2
29,1
71,2
130,4
44,1
93,3
40,1
50,1
77,4
83,1
90,2
27,1
72,1
113,1
57,1
130,3
77,1
33,2
22,1
25,2
61,2
35,1
43,1
75,2
89,3
27,1
58,2
111,1
27,1
56,1
45,3
64,4
155,5
128,3
58,1
48,1
36,1
39,2
50,1
49,1
67,1
30,2
59,1
80,2
121,1
122,3
67,1
55,1
100,3
114,1
110,1
166,3
191,2
68,2
52,1
70,1
59,3
64,1
164,1
35,1
50,1
70,1
73,1
23,0
44,2
62,2
93,4
76,1
51,1
71,3
54,2
44,2
67,2
29,2
81,4
56,1
62,2
51,1
28,1
44,2
35,1
64,2
66,1
88,1
55,1
41,1
40,1
71,1
33,1
80,1
77,2
128,2
30,1
97,3
82,1
80,2
228,4
52,1
72,1
62,1
289,6
149,1
138,3
61,1
230,5
51,3
119,3
383,2
76,1
76,1
58,1
56,2
75,2
112,3
98,2
26,1
81,2
153,4
315,3
118,2
73,2
56,2
55,1
141,3
88,1
97,3
138,4
171,1
256,18
62,1
139,4
94,3
94,1
76,3
110,2
186,2
32,1
61,3
68,2
170,1
44,1
123,2
129,2
92,3
65,1
14,2
102,2
46,5
47,1
28,1
36,1
40,1
59,1
37,1
68,1
34,1
22,1
178,6
44,1
514,1
137,4
70,2
61,1
82,3
83,2
47,2
34,1
24,1
79,4
37,1
93,4
83,2
209,5
22,1
223,2
73,6
34,1
111,5
50,1
98,4
42,1
64,2
46,1
68,1
119,1
32,1
102,1
39,2
74,1
18,1
23,1
67,2
187,5
28,1
26,1
300,7
34,1
80,1
72,2
27,2
41,1
187,4
66,1
49,1
86,1
32,1
36,2
49,1
125,5
36,3
83,1
45,1
53,3
35,2
99,1
41,1
25,1
320,2
76,2
123,1
33,1
133,1
53,1
50,3
116,1
108,3
72,1
71,2
82,3
140,4
31,1
112,3
134,4
38,1
34,1
44,1
63,2
120,1
207,2
70,3
111,4
129,1
23,1
64,3
90,5
50,2
210,6
278,8
195,29
57,1
108,1
180,5
76,2
38,1
57,1
163,5
119,2
82,2
209,3
150,4
35,1
73,1
57,1
78,1
68,1
58,2
88,3
116,4
49,2
656,7
209,2
23,3
58,3
149,2
107,1
170,4
151,1
81,2
18,1
65,1
81,2
81,1
112,3
53,1
64,1
70,1
64,1
309,6
78,1
161,2
48,1
105,1
82,1
63,1
160,5
65,1
86,1
52,1
35,1
119,3
59,1
109,1
23,0
199,7
41,1
49,1
70,2
116,2
27,1
80,2
24,1
40,2
76,1
15,1
52,1
203,2
47,1
83,1
43,1
81,1
259,4
59,1
50,2
144,3
41,1
47,1
37,1
200,3
81,1
64,3
94,2
219,6
28,1
90,1
84,1
94,2
70,2
125,3
69,1
66,1
46,2
37,1
25,0
63,1
17,2
20,1
329,8
41,1
92,2
44,1
57,1
69,3
69,2
35,1
60,1
45,1
44,2
51,1
50,1
66,1
86,2
29,1
73,1
23,1
51,2
129,2
53,1
1464,1
58,1
107,1
300,1
180,2
173,3
55,1
93,2
60,1
48,2
74,3
80,2
132,2
69,1
61,1
124,2
90,1
38,1
87,1
289,6
92,1
38,1
45,1
71,6
123,3
109,1
151,1
173,2
19,1
444,3
67,1
86,2
33,1
116,1
40,1
54,1
31,2
123,1
68,1
105,2
91,3
40,1
51,4
84,1
83,1
96,4
55,1
37,1
55,1
50,1
179,1
62,2
50,2
90,2
34,2
60,3
80,1
33,1
48,1
124,2
31,1
81,1
47,1
49,1
54,1
18,1
64,1
182,3
33,2
75,2
133,1
17,1
25,1
116,1
17,1
57,3
34,1
58,3
57,2
336,4
33,3
102,2
55,2
27,1
65,2
61,2
127,1
31,1
184,8
308,3
66,3
26,1
62,2
64,1
65,1
201,9
81,2
21,1
58,1
43,1
160,5
30,1
95,2
45,1
67,1
69,1
45,2
95,2
156,3
145,5
40,2
44,2
71,2
83,3
47,1
44,1
216,2
75,1
95,1
60,1
63,1
41,1
136,4
89,2
65,2
118,1
259,5
52,1
40,1
26,1
24,1
98,4
92,4
34,1
56,1
281,6
100,4
44,2
32,1
85,1
59,2
95,2
27,1
230,5
64,1
39,1
61,2
133,2
82,2
88,2
273,2
24,4
41,10
99,1
22,1
102,1
43,1
40,2
47,1
103,1
129,1
160,4
78,1
63,2
71,1
105,2
116,2
41,1
22,1
66,1
84,2
234,4
97,2
89,1
168,2
117,5
120,2
56,2
58,2
66,2
66,2
34,1
74,1
65,2
96,1
285,1
52,1
102,2
44,1
83,1
62,1
85,2
39,1
412,5
74,2
116,2
100,4
36,1
159,2
151,5
52,1
49,1
41,1
104,1
23,1
92,3
59,2
57,2
61,1
39,3
53,1
54,1
652,4
71,2
50,1
66,1
220,2
35,1
12,1
71,2
43,1
40,2
114,4
110,3
73,2
50,2
19,1
26,1
124,7
25,1
34,1
74,3
41,3
42,2
47,2
44,2
75,1
112,1
26,2
50,3
86,3
25,1
131,5
327,8
57,1
27,1
18,1
12,6
20,2
13,7
11,1
15,5
27,2
17,5
7,3
13,1
63,1
80,1
40,2
32,1
68,2
37,2
56,1
128,3
149,1
115,3
45,1
59,2
51,2
39,0
45,2
54,2
110,1
92,1
36,1
56,1
80,1
71,1
48,1
49,1
49,2
73,2
112,3
83,1
61,1
44,1
67,1
67,1
31,1
193,6
22,0
152,2
104,3
95,3
57,1
291,9
76,2
78,2
59,2
15,1
81,2
296,3
159,2
64,1
108,3
78,1
58,1
377,5
53,2
58,1
88,2
30,2
98,1
44,1
144,2
62,2
65,3
59,1
23,1
65,2
75,2
54,3
55,2
86,2
133,4
56,1
143,4
134,1
92,3
352,8
39,1
43,1
90,2
60,1
34,2
23,1
83,1
27,1
60,3
121,1
40,2
83,3
44,1
27,1
66,1
20,2
87,1
54,1
178,5
37,1
85,3
28,1
70,2
117,2
56,1
84,1
54,1
113,1
213,2
101,1
67,2
108,1
64,1
92,2
77,1
51,6
86,2
84,3
137,3
193,4
45,1
27,0
31,1
134,2
31,1
65,2
23,1
99,2
47,2
41,1
38,2
33,1
44,1
65,1
58,1
26,1
32,1
69,1
39,1
51,2
146,3
46,1
56,1
265,3
31,2
36,1
90,2
47,1
80,2
33,1
325,14
40,1
37,1
38,2
52,1
110,4
95,1
117,1
46,1
21,1
69,1
1340,5
37,1
58,4
131,3
47,1
287,2
30,3
66,2
81,1
285,6
72,4
26,1
44,1
88,2
105,1
62,2
22,1
87,0
75,1
9918,11
39,1
17,1
219,3
201,3
49,2
87,2
30,1
72,6
99,1
27,1
51,2
54,2
52,3
54,7
234,1
67,3
324,9
66,1
14,1
94,1
210,1
40,1
125,4
68,1
247,5
52,2
52,1
55,1
45,2
52,1
56,2
36,1
13,1
72,3
37,1
62,1
50,1
80,1
22,1
114,1
54,1
48,3
114,2
56,4
144,3
73,1
75,2
38,2
44,1
80,1
37,1
123,4
67,2
67,2
58,1
45,1
84,1
21,1
90,2
145,2
44,1
24,1
197,4
49,1
32,1
224,6
40,1
53,1
100,2
112,3
128,3
23,1
39,1
50,2
100,2
36,2
106,2
259,5
113,4
63,1
49,3
88,1
155,2
75,3
176,5
299,2
187,2
94,3
96,3
59,1
34,1
40,1
111,5
149,2
89,1
114,1
62,2
107,5
133,1
100,2
181,1
45,1
38,1
67,2
95,1
73,2
115,5
100,5
230,3
312,5
127,4
247,5
48,1
259,4
83,1
77,3
26,1
57,2
95,2
62,3
79,2
50,1
264,7
74,3
161,3
60,2
27,2
178,2
50,1
117,4
57,3
49,1
146,1
107,3
104,5
139,1
110,4
96,1
65,1
105,1
39,1
49,2
215,10
49,1
74,1
47,1
62,2
28,1
77,1
51,2
112,2
25,1
29,3
169,2
96,2
89,2
57,2
62,1
87,2
51,1
20,1
57,1
62,1
138,1
137,1
48,1
188,1
37,1
94,1
102,1
242,3
114,2
58,1
76,2
41,2
76,2
84,1
28,1
31,1
45,1
38,1
50,1
53,2
138,2
24,1
39,1
49,1
56,1
24,1
26,1
75,2
106,2
44,1
105,3
29,1
39,1
81,1
545,9
89,1
81,1
27,1
93,2
94,1
35,2
80,1
39,1
141,2
148,4
95,1
313,2
185,3
85,1
80,1
100,3
45,1
84,1
86,1
86,2
74,2
129,3
62,1
69,1
34,2
81,2
113,1
43,1
79,4
145,3
110,1
51,2
117,4
57,2
63,2
99,2
139,2
120,1
80,1
57,2
38,1
50,1
62,3
47,1
20,1
64,1
103,4
298,2
68,1
41,2
155,2
46,1
43,1
32,1
66,2
62,2
37,1
32,1
53,1
149,4
77,3
273,9
16,1
41,1
35,1
76,1
71,1
38,1
113,2
71,3
107,1
35,1
109,0
97,2
38,1
113,2
32,2
123,4
89,3
50,2
80,3
40,2
17,1
144,3
54,2
137,1
31,1
38,2
38,1
32,1
38,1
36,1
100,2
31,1
30,2
33,1
119,4
129,2
71,1
53,1
24,1
30,1
84,2
59,3
39,1
151,3
69,2
39,1
206,4
49,3
78,1
58,3
93,2
44,1
72,1
38,1
68,1
91,3
113,2
42,2
54,1
177,6
47,1
231,3
40,2
75,1
73,2
114,2
74,4
34,1
74,4
50,1
92,2
34,1
85,2
38,2
60,2
126,3
93,5
74,4
40,1
185,6
107,3
121,2
24,1
25,1
40,1
31,1
12,1
164,1
95,1
151,2
79,2
18,1
23,1
75,2
55,1
61,3
54,1
77,1
31,2
108,2
52,3
26,2
75,3
42,1
76,0
52,1
349,1
47,1
42,1
108,4
64,1
73,1
69,1
39,2
53,3
74,2
71,1
47,1
205,2
38,1
42,1
50,3
33,1
21,2
35,3
35,1
44,1
40,1
42,1
50,1
166,5
69,2
22,1
77,1
58,3
37,1
37,1
71,2
88,2
197,7
64,2
47,2
144,1
466,3
443,5
18,1
45,1
77,1
440,7
301,2
54,1
87,3
116,2
58,1
38,1
37,1
41,1
54,1
71,1
55,1
71,1
45,1
323,11
92,2
297,5
110,1
59,1
82,2
119,1
29,1
71,1
21,1
33,1
294,7
165,3
163,6
43,1
44,2
26,1
63,1
53,3
43,1
61,1
130,6
134,5
77,1
130,2
91,1
108,4
58,1
81,2
335,8
60,3
118,1
31,1
146,4
99,1
25,1
86,3
73,2
44,2
61,1
54,1
41,2
117,1
126,2
28,1
63,4
29,1
28,2
51,1
108,3
110,1
90,1
30,1
53,1
307,3
29,2
55,1
127,1
95,3
76,2
49,1
49,2
80,1
160,2
35,2
59,2
59,1
25,1
78,2
46,1
55,1
146,1
44,2
44,1
58,1
90,2
120,2
34,1
24,1
80,1
27,2
41,1
61,1
76,1
63,2
133,3
71,1
38,1
81,1
26,1
81,1
22,1
98,1
15,1
28,1
101,3
55,1
49,0
76,2
89,1
151,3
62,1
38,1
15,1
61,1
132,1
146,4
198,5
96,1
23,1
171,3
121,1
36,1
72,2
51,2
98,3
32,2
26,1
58,1
35,2
38,1
32,1
116,3
105,7
163,3
35,2
20,1
21,1
81,2
52,1
79,1
32,1
52,2
114,1
291,5
92,3
271,2
43,1
37,1
307,3
31,1
49,1
73,1
34,2
152,5
87,2
104,1
21,1
92,2
24,1
84,1
83,1
51,2
84,2
21,1
38,2
35,1
59,1
235,1
28,1
550,6
244,1
87,4
54,2
67,1
29,1
41,1
88,1
47,1
60,2
53,1
70,1
100,1
33,2
172,2
100,1
42,2
67,1
58,1
37,1
40,1
211,6
30,1
122,1
42,1
145,3
35,1
42,1
130,1
39,2
73,1
41,1
51,1
61,1
225,2
34,1
78,1
196,2
36,2
53,1
84,2
53,1
208,3
937,53
64,2
17,1
35,1
69,2
29,1
51,1
77,1
70,1
37,1
92,1
37,1
66,1
118,1
96,2
51,1
62,1
116,2
411,8
100,1
66,1
35,1
28,1
46,1
61,1
43,1
164,1
78,1
283,3
40,2
64,1
71,1
183,1
56,1
33,1
135,1
86,1
198,3
71,1
56,3
107,3
65,1
28,1
92,2
33,1
46,1
96,4
58,1
90,2
138,2
1446,5
36,1
49,1
229,9
40,1
89,2
141,1
64,1
67,2
45,1
110,2
21,2
96,5
29,1
29,1
68,2
42,1
90,1
50,2
31,1
82,2
54,1
35,2
148,1
31,1
42,1
147,3
150,2
24,1
75,1
50,1
23,1
35,1
34,1
65,3
32,1
74,4
53,1
143,2
104,3
91,5
50,2
36,1
170,3
103,1
49,1
63,2
47,1
132,2
96,1
36,1
70,1
38,3
217,4
175,3
60,1
52,2
32,1
63,1
29,1
39,1
126,2
43,2
36,1
78,1
62,1
28,1
117,2
115,1
58,2
41,3
43,3
45,1
75,1
109,1
36,1
82,2
139,5
64,1
169,3
42,1
268,3
124,2
53,1
110,4
31,1
80,2
26,2
17,1
142,3
24,1
81,2
116,2
48,1
61,1
19,1
298,5
69,1
92,4
166,1
35,1
137,5
26,1
85,3
137,3
50,1
37,1
266,6
161,3
46,1
316,4
117,4
69,1
73,1
24,1
84,1
30,1
44,1
122,3
146,3
48,1
49,2
24,1
105,2
80,2
46,1
68,1
88,1
157,1
101,1
68,1
49,1
35,1
29,2
123,2
122,1
113,2
68,1
58,1
148,2
67,2
127,1
33,2
72,4
56,1
106,1
125,4
109,2
66,2
652,3
96,2
64,1
82,1
27,1
55,2
62,1
39,1
25,1
61,1
57,1
69,2
63,2
267,6
106,3
75,0
47,2
23,1
43,1
40,2
54,1
81,2
86,7
52,2
40,1
89,2
29,1
89,1
56,1
49,1
130,4
77,2
85,3
16,1
27,1
174,3
38,1
134,2
32,1
64,1
52,2
63,1
85,1
309,5
70,2
109,1
121,3
92,1
44,1
50,1
157,2
142,2
34,1
196,1
26,1
104,2
70,1
232,6
68,1
53,1
64,1
59,2
60,22
95,3
51,2
74,1
120,2
42,1
91,3
43,4
80,1
166,1
28,1
199,4
30,2
61,1
86,4
63,1
149,4
65,2
23,1
34,1
108,3
158,2
58,2
32,1
38,4
153,2
115,1
67,4
85,1
38,3
44,1
67,1
34,1
55,1
59,2
327,5
33,1
155,4
71,1
117,3
136,2
170,5
61,1
37,1
53,1
37,1
94,1
42,1
206,3
38,1
79,1
85,2
43,1
26,1
57,3
91,1
90,1
34,1
31,1
50,1
33,1
45,1
19,1
54,1
33,2
36,1
125,3
77,2
106,5
34,1
37,1
103,1
41,1
114,1
33,1
34,1
97,0
59,2
38,1
24,1
55,1
40,2
115,1
126,3
55,2
129,4
27,1
124,1
62,1
200,3
67,1
61,2
70,1
60,2
85,3
108,3
50,1
47,2
88,1
39,1
227,4
133,3
80,2
45,2
67,3
48,1
93,1
43,1
27,1
24,1
42,1
42,1
95,1
223,2
283,4
44,1
56,2
102,1
66,1
47,2
44,1
51,1
111,2
55,1
162,5
36,1
135,2
112,2
123,2
61,1
117,2
37,1
36,3
36,1
40,0
44,1
45,1
75,1
88,3
73,1
18,1
117,1
81,2
36,1
287,3
68,2
41,1
73,1
47,0
37,1
101,3
35,2
83,1
101,1
71,2
98,2
91,4
61,1
58,0
64,1
154,7
62,1
129,5
123,2
60,2
37,1
59,2
80,1
52,1
75,2
46,1
70,1
182,3
90,2
37,1
90,2
20,1
45,2
35,1
114,1
178,6
58,2
119,1
122,1
174,3
79,2
44,1
36,1
116,3
28,1
51,1
64,2
41,1
175,2
124,5
113,3
41,1
56,2
170,2
188,2
43,3
32,1
55,2
64,1
44,1
78,1
105,1
27,1
90,1
26,1
84,3
47,1
37,1
43,1
33,1
139,3
100,1
85,2
121,5
37,0
182,5
31,1
55,1
49,2
189,4
56,1
63,1
20,1
27,1
55,1
26,1
54,2
54,4
44,1
211,1
54,1
165,2
53,1
62,2
74,1
87,2
94,4
48,1
53,4
969,15
3160,44
56,1
59,1
98,1
30,1
74,3
27,1
67,2
43,1
250,3
20,1
40,2
35,1
61,1
17,1
80,2
55,1
85,1
60,2
97,3
211,3
62,1
106,1
65,2
36,1
48,1
36,3
122,1
39,2
61,2
102,1
175,4
20,1
29,1
58,1
185,2
50,1
27,2
66,1
98,1
109,4
99,1
64,1
63,1
100,2
52,1
42,1
42,2
56,1
191,2
88,1
28,1
79,1
190,4
57,4
66,1
103,3
61,3
95,2
33,1
185,4
48,1
88,3
43,13
62,1
45,1
62,1
71,2
113,3
124,4
64,1
67,1
67,0
88,3
41,1
47,1
98,2
96,1
68,1
70,1
161,3
91,2
25,1
236,2
127,2
110,2
112,1
105,2
92,1
40,1
47,1
32,1
447,6
55,1
43,1
83,2
299,6
54,1
64,1
89,1
48,2
52,2
61,2
204,4
71,1
45,1
39,1
27,1
68,1
53,2
53,1
65,1
31,1
108,2
70,2
29,1
57,1
110,3
78,1
208,3
43,1
64,1
60,3
32,1
279,3
92,3
59,1
421,5
44,3
66,1
40,1
48,1
47,2
264,4
29,2
109,1
148,9
32,1
49,1
71,1
144,3
74,1
110,2
353,11
51,1
73,3
134,2
63,1
71,1
50,1
91,1
44,1
40,2
67,1
75,1
33,1
52,3
50,3
109,3
72,2
122,2
79,2
194,2
164,3
68,2
91,2
110,2
55,1
48,1
141,2
121,1
203,3
40,2
71,4
108,3
58,1
35,1
21,1
61,3
56,1
123,4
72,1
39,1
95,5
53,1
142,3
50,1
41,1
80,2
41,1
77,1
26,1
72,2
104,1
375,5
29,1
110,3
104,1
32,1
80,1
44,1
41,1
25,1
215,2
63,1
94,2
67,3
165,2
103,1
157,5
51,1
35,1
71,3
41,1
67,1
61,1
95,1
81,2
97,4
33,1
56,1
62,1
86,0
69,1
40,1
38,1
162,6
122,1
85,2
124,1
103,2
86,1
340,6
109,3
179,5
48,2
148,1
63,1
58,3
94,2
79,2
152,2
106,3
50,2
31,1
167,3
1414,16
74,1
62,1
139,4
33,1
80,2
45,1
26,1
49,1
90,3
41,0
41,1
132,1
37,0
34,1
33,1
67,3
39,1
46,2
50,1
85,2
125,2
49,2
20,1
30,2
70,1
147,1
38,1
76,1
153,2
179,1
58,1
96,1
32,1
102,3
51,2
50,2
91,2
134,3
90,1
67,2
110,1
39,2
85,1
43,1
98,2
80,1
72,1
129,1
270,2
161,3
143,2
61,1
72,1
87,2
229,6
76,1
127,1
106,3
54,1
156,4
155,5
46,2
180,3
25,1
16,1
85,1
38,1
154,1
69,1
78,2
289,1
66,3
93,1
24,1
98,4
177,2
101,1
41,1
39,3
60,2
36,1
88,1
64,2
209,2
40,1
160,2
28,1
128,6
189,5
55,1
45,1
70,1
48,2
101,2
49,2
45,2
44,1
47,0
59,1
205,6
97,2
59,1
83,2
83,2
59,2
168,1
120,1
247,1
53,1
81,1
47,2
49,1
63,1
34,1
48,1
32,1
59,1
63,2
68,1
116,2
48,1
50,1
45,1
100,2
46,1
28,1
120,0
23,2
43,1
39,1
151,2
78,1
152,1
95,4
200,5
48,1
46,1
33,1
130,2
80,1
214,2
34,1
25,1
23,1
78,1
62,2
83,0
966,16
105,2
71,1
25,1
138,3
37,1
1568,10
31,1
65,1
111,3
93,4
72,1
765,6
176,1
142,1
98,1
38,1
121,2
355,1
102,1
78,1
687,4
43,2
76,2
63,3
34,1
51,1
56,2
46,1
89,3
44,1
37,2
102,4
117,1
80,1
66,1
189,2
64,1
222,2
42,2
88,1
174,2
143,1
223,3
51,1
47,1
50,1
133,3
108,4
100,3
71,1
83,3
139,1
70,2
81,2
57,2
59,1
55,2
85,3
94,1
118,1
166,3
73,3
249,4
92,1
90,1
188,5
248,3
143,3
53,1
58,1
55,1
68,1
58,1
150,4
109,2
71,1
167,3
80,2
36,1
40,1
34,1
32,1
38,1
25,1
63,1
31,2
163,4
38,1
272,3
25,3
159,2
549,5
146,2
50,1
47,1
76,2
102,2
159,1
56,1
29,1
162,0
34,1
103,2
608,2
212,3
89,1
39,1
35,1
49,1
73,1
86,1
94,4
30,2
103,6
98,2
33,2
40,1
53,2
94,1
76,0
31,1
63,1
22,1
237,3
37,3
195,6
90,4
59,3
90,2
56,0
77,2
127,2
55,5
88,1
38,1
68,1
34,1
37,1
404,1
122,2
126,2
168,6
79,3
137,1
103,3
79,2
195,1
33,1
35,1
62,4
29,1
43,1
49,1
118,2
61,2
82,2
60,2
77,1
29,1
48,1
134,4
52,1
44,1
60,3
39,1
47,0
42,2
34,1
69,1
25,1
205,6
21,1
100,4
121,2
126,2
31,1
23,1
81,1
90,1
80,1
44,0
69,2
18,1
33,1
25,1
40,1
600,5
81,3
49,1
67,1
74,3
53,1
166,3
36,1
35,1
128,1
40,1
97,2
100,4
66,2
34,2
49,3
30,1
72,2
150,3
43,1
26,1
64,1
31,1
40,1
32,1
87,1
62,1
52,1
24,1
90,4
87,2
29,1
24,1
42,1
35,1
109,2
192,2
3023,5
87,2
71,1
24,1
50,3
27,1
34,1
42,1
137,2
62,2
55,1
119,1
38,1
120,1
46,1
30,1
73,3
61,2
58,1
52,0
100,1
39,1
86,1
67,2
92,3
39,1
83,1
41,1
66,1
96,1
87,1
48,1
40,1
67,1
53,1
86,1
36,1
35,1
117,1
56,2
50,1
55,1
29,1
255,2
115,1
72,2
201,4
85,1
63,3
82,1
200,3
90,1
41,1
45,2
89,1
53,1
67,2
643,3
122,3
37,1
65,1
65,1
47,1
52,1
37,1
71,1
61,3
23,1
36,2
145,1
39,1
158,2
43,1
54,2
54,1
158,1
37,1
87,1
124,1
26,2
209,4
323,8
71,1
169,3
77,1
26,1
76,1
59,1
109,1
165,5
28,1
39,1
50,2
115,1
172,4
93,1
161,3
80,3
307,4
73,2
36,1
16,2
37,0
169,1
36,2
45,1
105,2
95,3
67,2
68,2
149,1
32,1
71,2
17,1
46,2
57,2
75,1
58,1
83,2
58,2
50,1
31,1
44,1
42,2
60,1
77,1
30,1
38,2
93,2
54,1
40,1
124,4
60,1
107,2
207,3
60,1
87,2
99,2
77,2
133,1
46,1
103,2
61,1
98,2
66,1
74,1
27,1
71,2
84,2
49,1
63,1
56,2
95,1
83,1
51,1
23,1
65,1
44,1
96,1
136,3
39,1
76,2
45,2
109,2
54,0
50,2
62,2
51,2
56,1
52,1
78,2
41,2
49,1
123,2
57,1
53,1
34,1
69,1
61,1
104,3
160,1
106,1
27,1
110,1
122,5
90,2
48,2
83,2
148,2
36,1
71,2
95,3
55,1
36,2
18,1
71,1
95,2
27,1
29,1
102,1
114,1
57,2
92,2
132,2
121,2
178,1
100,1
32,1
79,1
51,2
68,1
144,1
67,1
440,7
58,1
35,1
48,1
48,1
75,1
97,2
35,1
1515,1
142,4
27,1
31,1
39,1
24,1
33,1
27,1
59,2
25,1
204,7
49,2
97,1
38,2
71,1
245,4
15,1
61,2
94,3
42,2
184,6
22,1
30,1
54,2
37,3
30,2
100,1
25,1
21,1
48,1
26,1
30,1
35,2
35,1
40,1
23,1
47,1
42,1
33,2
70,1
141,2
247,1
39,1
91,2
108,2
92,1
86,3
47,1
80,2
53,1
40,1
67,4
58,1
36,1
24,1
39,1
75,1
117,1
61,1
62,1
77,1
97,3
67,1
74,2
61,2
94,2
158,2
82,1
61,2
178,3
35,1
51,1
103,3
205,2
117,1
54,1
75,1
25,1
20,1
26,1
50,2
64,1
57,2
9,1
23,2
100,4
31,1
31,1
37,1
52,1
109,3
145,2
49,1
49,1
60,2
35,1
91,1
45,1
22,1
52,1
42,2
64,2
10,0
31,1
44,2
44,2
79,2
23,3
57,2
77,1
2462,31
29,1
30,1
